uf,cod_org,org,cod_orgsup,orgsup,grupo_nucleo,n_ativos,mes_ref
,40116,ADVOCACIA-GERAL DA UNIAO,-1,SEM INFORMACAO,,675,2025-12
,40106,ADVOCACIA-GERAL DA UNIAO,20101,PRESIDENCIA DA REPUBLICA,,5,2025-12
,44205,AGENCIA NACIONAL DE AGUAS,40211,MINISTERIO DO MEIO AMBIENTE,,97,2025-12
,52201,AGENCIA NACIONAL DE AVIACAO CIVIL,49100,MINISTERIO DE PORTOS E AEROPORTOS,,232,2025-12
,32200,AGENCIA NACIONAL DE ENERGIA ELETRICA,32000,MINISTERIO DE MINAS E ENERGIA,,160,2025-12
,32396,AGENCIA NACIONAL DE MINERACAO,32000,MINISTERIO DE MINAS E ENERGIA,,136,2025-12
,36208,AGENCIA NACIONAL DE SAUDE SUPLEMENTAR,25000,MINISTERIO DA SAUDE,,156,2025-12
,41231,AGENCIA NACIONAL DE TELECOMUNICACOES,40108,"MINISTERIO DA CIENCIA, TECNOLOGIA, INOVACOES E COMUNICACOES",,208,2025-12
,39251,AGENCIA NACIONAL DE TRANSPORTES AQUAVIARIOS,49100,MINISTERIO DE PORTOS E AEROPORTOS,,75,2025-12
,39250,AGENCIA NACIONAL DE TRANSPORTES TERRESTRES,49200,MINISTERIO DOS TRANSPORTES,,149,2025-12
,36207,AGENCIA NACIONAL DE VIGILANCIA SANITARIA,25000,MINISTERIO DA SAUDE,,224,2025-12
,20224,AGENCIA NACIONAL DO CINEMA,54100,MINISTERIO DA CULTURA,,62,2025-12
,32300,"AGENCIA NACIONAL DO PETROLEO, GAS NATURAL E BIOCOMBUSTIVEIS",32000,MINISTERIO DE MINAS E ENERGIA,,240,2025-12
,52233,AMAZONIA AZUL TECNOLOGIAS DE DEFESA S.A.,40105,MINISTERIO DA DEFESA,,9,2025-12
,35001,APEX-BRASIL,-1,SEM INFORMACAO,,1,2025-12
,25282,BANCO DO NORDESTE DO BRASIL,17000,MINISTERIO DA ECONOMIA,,2,2025-12
,45282,BANCO NACIONAL DE DESENVOLVIMENTO ECONOMICO E SOCIAL,17000,MINISTERIO DA ECONOMIA,,7,2025-12
,21201,CAIXA DE FINANCIAMENTO IMOBILIARIO DA AERONAUTICA,40115,MINISTERIO DA DEFESA,,5,2025-12
,25220,CAIXA ECONOMICA FEDERAL,-1,SEM INFORMACAO,,1,2025-12
,99015,CAMARA DOS DEPUTADOS,-1,SEM INFORMACAO,,111,2025-12
,25211,CASA DA MOEDA DO BRASIL,17000,MINISTERIO DA ECONOMIA,,2,2025-12
,26256,CENTRO FEDERAL DE EDUCACAO TECNOLOGICA CELSO SUCKOW DA FONSECA,15000,MINISTERIO DA EDUCACAO,IF,157,2025-12
,24209,CENTRO NACIONAL DE TECNOLOGIA ELETRONICA AVANCADA S.A.,40108,"MINISTERIO DA CIENCIA, TECNOLOGIA, INOVACOES E COMUNICACOES",,3,2025-12
,21000,COMANDO DA AERONAUTICA,40115,MINISTERIO DA DEFESA,,246,2025-12
,70000,COMANDO DA MARINHA,40115,MINISTERIO DA DEFESA,,404,2025-12
,16000,COMANDO DO EXERCITO,40115,MINISTERIO DA DEFESA,,249,2025-12
,45203,COMISSAO DE VALORES MOBILIARIOS,17600,MINISTERIO DA FAZENDA,FAZ,97,2025-12
,40301,COMISSAO NACIONAL DE ENERGIA NUCLEAR,40108,"MINISTERIO DA CIENCIA, TECNOLOGIA, INOVACOES E COMUNICACOES",,206,2025-12
,22200,COMPANHIA NACIONAL DE ABASTECIMENTO,13100,MIN DO DESENV AGR E AGRIC FAMILIAR,,5,2025-12
,38000,CONSELHO ADMINISTRATIVO DE DEFESA ECONOMICA,20000,MINISTERIO DA JUSTICA E SEGURANCA PUBLICA,,48,2025-12
,99901,CONSELHO DA JUSTICA FEDERAL,-1,SEM INFORMACAO,,3,2025-12
,40501,CONSELHO NACIONAL DE DESENVOLVIMENTO CIENTIFICO E TECNOLOGICO,40108,"MINISTERIO DA CIENCIA, TECNOLOGIA, INOVACOES E COMUNICACOES",,49,2025-12
,17100,CONSELHO NACIONAL DE JUSTICA,-1,SEM INFORMACAO,,1,2025-12
,59000,CONTROLADORIA-GERAL DA UNIAO,-1,SEM INFORMACAO,,252,2025-12
,37000,DEFENSORIA PUBLICA DA UNIAO,-1,SEM INFORMACAO,,1,2025-12
,39252,DEPARTAMENTO NACIONAL DE INFRAESTRUTURA DE TRANSPORTES,49200,MINISTERIO DOS TRANSPORTES,,93,2025-12
,42204,DEPARTAMENTO NACIONAL DE OBRAS CONTRA AS SECAS,40100,MIN DA INTEG E DO DESENV REGIONAL,,84,2025-12
,20415,EMPRESA BRASIL DE COMUNICACAO,20101,PRESIDENCIA DA REPUBLICA,,13,2025-12
,32314,EMPRESA DE PESQUISA ENERGETICA,32000,MINISTERIO DE MINAS E ENERGIA,,8,2025-12
,57203,EMPRESA DE PROCESSAMENTO DE DADOS DA PREVIDENCIA SOCIAL,23000,MINISTERIO DA PREVIDENCIA SOCIAL,,19,2025-12
,92012,EMPRESA GERENCIAL DE PROJETOS NAVAIS,40105,MINISTERIO DA DEFESA,,3,2025-12
,99990,ESTADOS / MUNICIPIOS / ADMINISTRACAO DIRETA AUTARQUICA E FUNDACIONAL,-1,SEM INFORMACAO,,228,2025-12
,99991,ESTADOS / MUNICIPIOS / EMPRESAS,-1,SEM INFORMACAO,,16664,2025-12
,20502,FINANCIADORA DE ESTUDOS E PROJETOS,40108,"MINISTERIO DA CIENCIA, TECNOLOGIA, INOVACOES E COMUNICACOES",,4,2025-12
,40202,FUNCAO ESCOLA NACIONAL DE ADMINISTRACAO PUBLICA,17500,MIN GESTAO E INOV EM SERV PUBLICOS,,106,2025-12
,35201,FUNDACAO ALEXANDRE GUSMAO,35000,MINISTERIO DAS RELACOES EXTERIORES,,12,2025-12
,24205,FUNDACAO BIBLIOTECA NACIONAL,54100,MINISTERIO DA CULTURA,,42,2025-12
,26298,FUNDACAO COORDENACAO DE APERFEICOAMENTO DE PESSOAL DE NIVEL SUPERIOR,15000,MINISTERIO DA EDUCACAO,,90,2025-12
,77000,FUNDACAO DE PREVIDENCIA COMPLEMENTAR DO SERVIDOR PUBLICO FEDERAL,20113,"MINISTERIO DO PLANEJAMENTO, DESENVOLVIMENTO E GESTAO",,13,2025-12
,45205,FUNDACAO INSTITUTO BRASILEIRO DE GEOGRAFIA E ESTATISTICA,17300,MINISTERIO DO PLANEJAMENTO E ORCAMENTO,IBGE,696,2025-12
,57201,"FUNDACAO JORGE DUPRAT FIGUEIREDO, DE SEGURANCA E MEDICINA DO TRABALHO",33200,MINISTERIO DO TRABALHO E EMPREGO,,32,2025-12
,24203,FUNDACAO NACIONAL DE ARTES,54100,MINISTERIO DA CULTURA,,38,2025-12
,36205,FUNDACAO NACIONAL DE SAUDE,25000,MINISTERIO DA SAUDE,,115,2025-12
,30202,FUNDACAO NACIONAL DO INDIO,17200,MINISTERIO DOS POVOS INDIGENAS,,290,2025-12
,36201,FUNDACAO OSWALDO CRUZ,25000,MINISTERIO DA SAUDE,,358,2025-12
,26352,FUNDACAO UNIVERSIDADE FEDERAL DO ABC,15000,MINISTERIO DA EDUCACAO,UNIV,163,2025-12
,26266,FUNDACAO UNIVERSIDADE FEDERAL DO PAMPA,15000,MINISTERIO DA EDUCACAO,UNIV,143,2025-12
,26106,FUNDO NACIONAL DE DESENVOLVIMENTO DA EDUCACAO,15000,MINISTERIO DA EDUCACAO,,113,2025-12
,17800,INST NAC DE TECN DA INFORMACAO,17500,MIN GESTAO E INOV EM SERV PUBLICOS,,18,2025-12
,42207,INSTITUTO BRASILEIRO DE MUSEUS,54100,MINISTERIO DA CULTURA,,121,2025-12
,40701,INSTITUTO BRASILEIRO DO MEIO AMBIENTE E RECURSOS NATURAIS RENOVAVEIS,40211,MINISTERIO DO MEIO AMBIENTE,,117,2025-12
,45206,INSTITUTO DE PESQUISA ECONOMICA APLICADA,17300,MINISTERIO DO PLANEJAMENTO E ORCAMENTO,,43,2025-12
,24204,INSTITUTO DO PATRIMONIO HISTORICO E ARTISTICO NACIONAL,54100,MINISTERIO DA CULTURA,,73,2025-12
,26404,INSTITUTO FEDERAL BAIANO,15000,MINISTERIO DA EDUCACAO,,249,2025-12
,26422,INSTITUTO FEDERAL CATARINENSE,15000,MINISTERIO DA EDUCACAO,,72,2025-12
,26413,INSTITUTO FEDERAL DO TRIANGULO MINEIRO,15000,MINISTERIO DA EDUCACAO,IF,146,2025-12
,26434,INSTITUTO FEDERAL FLUMINENSE,15000,MINISTERIO DA EDUCACAO,,182,2025-12
,26407,INSTITUTO FEDERAL GOIANO,15000,MINISTERIO DA EDUCACAO,,216,2025-12
,26436,INSTITUTO FEDERAL SUL-RIO-GRANDENSE,15000,MINISTERIO DA EDUCACAO,,181,2025-12
,30204,INSTITUTO NACIONAL DA PROPRIEDADE INDUSTRIAL,17400,MIN DESENVOLV IND COMERCIO E SERVICOS,,288,2025-12
,42201,INSTITUTO NACIONAL DE COLONIZACAO E REFORMA AGRARIA,13100,MIN DO DESENV AGR E AGRIC FAMILIAR,,269,2025-12
,26107,INSTITUTO NACIONAL DE ESTUDOS E PESQUISAS EDUCACIONAIS,15000,MINISTERIO DA EDUCACAO,,164,2025-12
,30203,"INSTITUTO NACIONAL DE METROLOGIA, QUALIDADE E TECNOLOGIA",17400,MIN DESENVOLV IND COMERCIO E SERVICOS,,78,2025-12
,57202,INSTITUTO NACIONAL DO SEGURO SOCIAL,33100,MINISTERIO DA PREVIDENCIA SOCIAL,INSS,1121,2025-12
,99904,JUSTICA ELEITORAL,-1,SEM INFORMACAO,,4,2025-12
,40100,MIN DA INTEG E DO DESENV REGIONAL,-1,SEM INFORMACAO,,215,2025-12
,55100,MIN DESENV ASSIS SOCI FAMIL COMBATE FOME,-1,SEM INFORMACAO,,168,2025-12
,17400,MIN DESENVOLV IND COMERCIO E SERVICOS,-1,SEM INFORMACAO,,141,2025-12
,13100,MIN DO DESENV AGR E AGRIC FAMILIAR,-1,SEM INFORMACAO,,93,2025-12
,81100,MIN DOS DIR HUM E DA CIDADANIA,-1,SEM INFORMACAO,,57,2025-12
,17700,MIN EMPREEND MICROEMP EMP PEQUENO PORTE,-1,SEM INFORMACAO,,27,2025-12
,17500,MIN GESTAO E INOV EM SERV PUBLICOS,-1,SEM INFORMACAO,,850,2025-12
,13300,MINISTERIO DA AGRICULTURA E PECUARIA,-1,SEM INFORMACAO,,540,2025-12
,13000,"MINISTERIO DA AGRICULTURA, PECUARIA E ABASTECIMENTO",-1,SEM INFORMACAO,,14,2025-12
,40108,"MINISTERIO DA CIENCIA, TECNOLOGIA, INOVACOES E COMUNICACOES",-1,SEM INFORMACAO,,306,2025-12
,54100,MINISTERIO DA CULTURA,-1,SEM INFORMACAO,,123,2025-12
,40115,MINISTERIO DA DEFESA,-1,SEM INFORMACAO,,236,2025-12
,17000,MINISTERIO DA ECONOMIA,-1,SEM INFORMACAO,,3,2025-12
,15000,MINISTERIO DA EDUCACAO,-1,SEM INFORMACAO,,429,2025-12
,17600,MINISTERIO DA FAZENDA,-1,SEM INFORMACAO,FAZ,1623,2025-12
,81300,MINISTERIO DA IGUALDADE RACIAL,-1,SEM INFORMACAO,,19,2025-12
,28000,"MINISTERIO DA INDUSTRIA, COMERCIO EXTERIOR E SERVICOS",-1,SEM INFORMACAO,,1,2025-12
,49000,MINISTERIO DA INFRAESTRUTURA,-1,SEM INFORMACAO,,8,2025-12
,20000,MINISTERIO DA JUSTICA E SEGURANCA PUBLICA,-1,SEM INFORMACAO,,269,2025-12
,13200,MINISTERIO DA PESCA E AQUICULTURA,-1,SEM INFORMACAO,,24,2025-12
,33100,MINISTERIO DA PREVIDENCIA SOCIAL,-1,SEM INFORMACAO,,115,2025-12
,25000,MINISTERIO DA SAUDE,-1,SEM INFORMACAO,,826,2025-12
,40200,MINISTERIO DAS CIDADES,-1,SEM INFORMACAO,,139,2025-12
,56000,MINISTERIO DAS CIDADES,-1,SEM INFORMACAO,,1,2025-12
,41100,MINISTERIO DAS COMUNICACOES,-1,SEM INFORMACAO,,86,2025-12
,81200,MINISTERIO DAS MULHERES,-1,SEM INFORMACAO,,14,2025-12
,35000,MINISTERIO DAS RELACOES EXTERIORES,-1,SEM INFORMACAO,,350,2025-12
,32000,MINISTERIO DE MINAS E ENERGIA,-1,SEM INFORMACAO,,130,2025-12
,49100,MINISTERIO DE PORTOS E AEROPORTOS,-1,SEM INFORMACAO,,63,2025-12
,40112,MINISTERIO DO DESENVOLVIMENTO REGIONAL,-1,SEM INFORMACAO,,6,2025-12
,55000,MINISTERIO DO DESENVOLVIMENTO SOCIAL,-1,SEM INFORMACAO,,1,2025-12
,55200,MINISTERIO DO ESPORTE,-1,SEM INFORMACAO,,37,2025-12
,40211,MINISTERIO DO MEIO AMBIENTE,-1,SEM INFORMACAO,,128,2025-12
,17300,MINISTERIO DO PLANEJAMENTO E ORCAMENTO,-1,SEM INFORMACAO,,119,2025-12
,33200,MINISTERIO DO TRABALHO E EMPREGO,-1,SEM INFORMACAO,,707,2025-12
,26000,MINISTERIO DO TRABALHO E EMPREGO,-1,SEM INFORMACAO,,16,2025-12
,33000,MINISTERIO DO TRABALHO E PREVIDENCIA,-1,SEM INFORMACAO,,2,2025-12
,54000,MINISTERIO DO TURISMO,-1,SEM INFORMACAO,,68,2025-12
,17200,MINISTERIO DOS POVOS INDIGENAS,-1,SEM INFORMACAO,,23,2025-12
,49200,MINISTERIO DOS TRANSPORTES,-1,SEM INFORMACAO,,101,2025-12
,90150,MINISTERIO PUBLICO DA UNIAO,-1,SEM INFORMACAO,,11,2025-12
,90200,MINISTERIO PUBLICO DO TRABALHO,-1,SEM INFORMACAO,,55,2025-12
,90100,MINISTERIO PUBLICO FEDERAL,-1,SEM INFORMACAO,,31,2025-12
,90300,MINISTERIO PUBLICO MILITAR,-1,SEM INFORMACAO,,21,2025-12
,20302,NUCLEBRAS EQUIPAMENTOS PESADOS,32000,MINISTERIO DE MINAS E ENERGIA,,4,2025-12
,91084,PETROBRAS - HOLDING,32000,MINISTERIO DE MINAS E ENERGIA,,4,2025-12
,-20,PODER EXECUTIVO FEDERAL,-20,PODER EXECUTIVO FEDERAL,,61,2025-12
,99054,PREFEITURA MUNICIPAL,-1,SEM INFORMACAO,,186,2025-12
,20101,PRESIDENCIA DA REPUBLICA,-1,SEM INFORMACAO,,573,2025-12
,99004,PROCURADORIA-GERAL DA REPUBLICA,-1,SEM INFORMACAO,,24,2025-12
,-1,SEM INFORMACAO,-1,SEM INFORMACAO,,1,2025-12
,99016,SENADO FEDERAL,-1,SEM INFORMACAO,,68,2025-12
,25207,SERVICO FEDERAL DE PROCESSAMENTO DE DADOS,17000,MINISTERIO DA ECONOMIA,,1,2025-12
,45208,SUPERINTENDENCIA DE SEGUROS PRIVADOS,17600,MINISTERIO DA FAZENDA,FAZ,38,2025-12
,53202,SUPERINTENDENCIA DO DESENVOLVIMENTO DA AMAZONIA,40100,MIN DA INTEG E DO DESENV REGIONAL,,61,2025-12
,53297,SUPERINTENDENCIA DO DESENVOLVIMENTO DO CENTRO-OESTE,40100,MIN DA INTEG E DO DESENV REGIONAL,,27,2025-12
,53203,SUPERINTENDENCIA DO DESENVOLVIMENTO DO NORDESTE,40100,MIN DA INTEG E DO DESENV REGIONAL,,38,2025-12
,33206,SUPERINTENDENCIA NACIONAL DE PREVIDENCIA COMPLEMENTAR,33100,MINISTERIO DA PREVIDENCIA SOCIAL,,41,2025-12
,00101,SUPERIOR TRIBUNAL DE JUSTICA,-1,SEM INFORMACAO,,27,2025-12
,10000,SUPREMO TRIBUNAL FEDERAL,-1,SEM INFORMACAO,,21,2025-12
,24100,TELEBRAS - TELECOM. BRASILEIRAS S.A.,40108,"MINISTERIO DA CIENCIA, TECNOLOGIA, INOVACOES E COMUNICACOES",,1,2025-12
,90000,TRIBUNAL DE CONTAS DA UNIAO,-1,SEM INFORMACAO,,2,2025-12
,99133,TRIBUNAL DE JUSTICA,-1,SEM INFORMACAO,,12,2025-12
,99905,TRIBUNAL REGIONAL DO TRABALHO,-1,SEM INFORMACAO,,16,2025-12
,99050,TRIBUNAL REGIONAL DO TRABALHO - AL,-1,SEM INFORMACAO,,1,2025-12
,99070,TRIBUNAL REGIONAL DO TRABALHO - BA,-1,SEM INFORMACAO,,2,2025-12
,99003,TRIBUNAL REGIONAL DO TRABALHO - DF,-1,SEM INFORMACAO,,10,2025-12
,99042,TRIBUNAL REGIONAL DO TRABALHO - MS,-1,SEM INFORMACAO,,2,2025-12
,99052,TRIBUNAL REGIONAL DO TRABALHO - MT,-1,SEM INFORMACAO,,2,2025-12
,99100,TRIBUNAL REGIONAL DO TRABALHO DA 3A REGIAO,-1,SEM INFORMACAO,,1,2025-12
,99001,TRIBUNAL REGIONAL DO TRABALHO MG,-1,SEM INFORMACAO,,2,2025-12
,99023,TRIBUNAL REGIONAL ELEITORAL - AC,-1,SEM INFORMACAO,,1,2025-12
,99024,TRIBUNAL REGIONAL ELEITORAL - AL,-1,SEM INFORMACAO,,3,2025-12
,99025,TRIBUNAL REGIONAL ELEITORAL - AM,-1,SEM INFORMACAO,,5,2025-12
,00162,TRIBUNAL REGIONAL ELEITORAL - BA,-1,SEM INFORMACAO,,14,2025-12
,99026,TRIBUNAL REGIONAL ELEITORAL - CE,-1,SEM INFORMACAO,,16,2025-12
,99032,TRIBUNAL REGIONAL ELEITORAL - DF,-1,SEM INFORMACAO,,23,2025-12
,99018,TRIBUNAL REGIONAL ELEITORAL - ES,-1,SEM INFORMACAO,,1,2025-12
,00164,TRIBUNAL REGIONAL ELEITORAL - GO,-1,SEM INFORMACAO,,22,2025-12
,99027,TRIBUNAL REGIONAL ELEITORAL - MA,-1,SEM INFORMACAO,,7,2025-12
,99000,TRIBUNAL REGIONAL ELEITORAL - MG,-1,SEM INFORMACAO,,32,2025-12
,99012,TRIBUNAL REGIONAL ELEITORAL - MS,-1,SEM INFORMACAO,,15,2025-12
,00163,TRIBUNAL REGIONAL ELEITORAL - MT,-1,SEM INFORMACAO,,2,2025-12
,99029,TRIBUNAL REGIONAL ELEITORAL - PA,-1,SEM INFORMACAO,,7,2025-12
,99021,TRIBUNAL REGIONAL ELEITORAL - PB,-1,SEM INFORMACAO,,27,2025-12
,99030,TRIBUNAL REGIONAL ELEITORAL - PE,-1,SEM INFORMACAO,,39,2025-12
,99022,TRIBUNAL REGIONAL ELEITORAL - PI,-1,SEM INFORMACAO,,21,2025-12
,99017,TRIBUNAL REGIONAL ELEITORAL - PR,-1,SEM INFORMACAO,,1,2025-12
,99002,TRIBUNAL REGIONAL ELEITORAL - RJ,-1,SEM INFORMACAO,,10,2025-12
,99020,TRIBUNAL REGIONAL ELEITORAL - RN,-1,SEM INFORMACAO,,42,2025-12
,00167,TRIBUNAL REGIONAL ELEITORAL - RO,-1,SEM INFORMACAO,,43,2025-12
,00165,TRIBUNAL REGIONAL ELEITORAL - RS,-1,SEM INFORMACAO,,16,2025-12
,00168,TRIBUNAL REGIONAL ELEITORAL - SC,-1,SEM INFORMACAO,,4,2025-12
,99019,TRIBUNAL REGIONAL ELEITORAL - SE,-1,SEM INFORMACAO,,3,2025-12
,00166,TRIBUNAL REGIONAL ELEITORAL - SP,-1,SEM INFORMACAO,,5,2025-12
,99028,TRIBUNAL REGIONAL FEDERAL,-1,SEM INFORMACAO,,8,2025-12
,99034,TRIBUNAL REGIONAL FEDERAL DA 1A REGIAO - DF,-1,SEM INFORMACAO,,27,2025-12
,99069,TRIBUNAL REGIONAL FEDERAL DA 3A REGIAO - SP,-1,SEM INFORMACAO,,1,2025-12
,99053,TRIBUNAL REGIONAL FEDERAL DA 5A REGIAO - PE,-1,SEM INFORMACAO,,20,2025-12
,04000,TRIBUNAL SUPERIOR DO TRABALHO,-1,SEM INFORMACAO,,48,2025-12
,99047,TRIBUNAL SUPERIOR ELEITORAL,-1,SEM INFORMACAO,,8,2025-12
,26453,UNIVERSIDADE FEDERAL DE JATAI,15000,MINISTERIO DA EDUCACAO,UNIV,105,2025-12
,26247,UNIVERSIDADE FEDERAL DE SANTA MARIA - RS,15000,MINISTERIO DA EDUCACAO,UNIV,373,2025-12
,26280,UNIVERSIDADE FEDERAL DE SAO CARLOS - SP,15000,MINISTERIO DA EDUCACAO,UNIV,263,2025-12
,26282,UNIVERSIDADE FEDERAL DE VICOSA - MG,15000,MINISTERIO DA EDUCACAO,UNIV,268,2025-12
,26449,UNIVERSIDADE FEDERAL DO CARIRI - CE,15000,MINISTERIO DA EDUCACAO,UNIV,164,2025-12
,26254,UNIVERSIDADE FEDERAL DO TRIANGULO MINEIRO,15000,MINISTERIO DA EDUCACAO,UNIV,165,2025-12
,26230,UNIVERSIDADE FEDERAL DO VALE DO SAO FRANCISCO,15000,MINISTERIO DA EDUCACAO,UNIV,104,2025-12
,26236,UNIVERSIDADE FEDERAL FLUMINENSE - RJ,15000,MINISTERIO DA EDUCACAO,UNIV,304,2025-12
,26253,UNIVERSIDADE FEDERAL RURAL DA AMAZONIA,15000,MINISTERIO DA EDUCACAO,UNIV,84,2025-12
,26264,UNIVERSIDADE FEDERAL RURAL DO SEMI-ARIDO - RN,15000,MINISTERIO DA EDUCACAO,UNIV,112,2025-12
,49300,"VALEC ENGENHARIA, CONSTRUCOES E FERROVIAS S.A.",49200,MINISTERIO DOS TRANSPORTES,,29,2025-12
,20102,VICE PRESIDENCIA DA REPUBLICA,-1,SEM INFORMACAO,,16,2025-12
AC,40116,ADVOCACIA-GERAL DA UNIAO,-1,SEM INFORMACAO,,19,2025-12
AC,32396,AGENCIA NACIONAL DE MINERACAO,32000,MINISTERIO DE MINAS E ENERGIA,,2,2025-12
AC,41231,AGENCIA NACIONAL DE TELECOMUNICACOES,40108,"MINISTERIO DA CIENCIA, TECNOLOGIA, INOVACOES E COMUNICACOES",,3,2025-12
AC,36207,AGENCIA NACIONAL DE VIGILANCIA SANITARIA,25000,MINISTERIO DA SAUDE,,2,2025-12
AC,16000,COMANDO DO EXERCITO,40115,MINISTERIO DA DEFESA,,18,2025-12
AC,59000,CONTROLADORIA-GERAL DA UNIAO,-1,SEM INFORMACAO,,16,2025-12
AC,39252,DEPARTAMENTO NACIONAL DE INFRAESTRUTURA DE TRANSPORTES,49200,MINISTERIO DOS TRANSPORTES,,18,2025-12
AC,45205,FUNDACAO INSTITUTO BRASILEIRO DE GEOGRAFIA E ESTATISTICA,17300,MINISTERIO DO PLANEJAMENTO E ORCAMENTO,IBGE,17,2025-12
AC,36205,FUNDACAO NACIONAL DE SAUDE,25000,MINISTERIO DA SAUDE,,10,2025-12
AC,30202,FUNDACAO NACIONAL DO INDIO,17200,MINISTERIO DOS POVOS INDIGENAS,,19,2025-12
AC,93120,GOVERNO DO ESTADO DO ACRE,-1,SEM INFORMACAO,,6,2025-12
AC,40701,INSTITUTO BRASILEIRO DO MEIO AMBIENTE E RECURSOS NATURAIS RENOVAVEIS,40211,MINISTERIO DO MEIO AMBIENTE,,60,2025-12
AC,44207,INSTITUTO CHICO MENDES DE CONSERVACAO DA BIODIVERSIDADE,40211,MINISTERIO DO MEIO AMBIENTE,,30,2025-12
AC,24204,INSTITUTO DO PATRIMONIO HISTORICO E ARTISTICO NACIONAL,54100,MINISTERIO DA CULTURA,,3,2025-12
AC,26401,INSTITUTO FEDERAL DO ACRE,15000,MINISTERIO DA EDUCACAO,IF,796,2025-12
AC,26436,INSTITUTO FEDERAL SUL-RIO-GRANDENSE,15000,MINISTERIO DA EDUCACAO,,1,2025-12
AC,42201,INSTITUTO NACIONAL DE COLONIZACAO E REFORMA AGRARIA,13100,MIN DO DESENV AGR E AGRIC FAMILIAR,,81,2025-12
AC,57202,INSTITUTO NACIONAL DO SEGURO SOCIAL,33100,MINISTERIO DA PREVIDENCIA SOCIAL,INSS,59,2025-12
AC,13100,MIN DO DESENV AGR E AGRIC FAMILIAR,-1,SEM INFORMACAO,,1,2025-12
AC,17500,MIN GESTAO E INOV EM SERV PUBLICOS,-1,SEM INFORMACAO,,15,2025-12
AC,13300,MINISTERIO DA AGRICULTURA E PECUARIA,-1,SEM INFORMACAO,,15,2025-12
AC,40108,"MINISTERIO DA CIENCIA, TECNOLOGIA, INOVACOES E COMUNICACOES",-1,SEM INFORMACAO,,1,2025-12
AC,17600,MINISTERIO DA FAZENDA,-1,SEM INFORMACAO,FAZ,50,2025-12
AC,13200,MINISTERIO DA PESCA E AQUICULTURA,-1,SEM INFORMACAO,,1,2025-12
AC,25000,MINISTERIO DA SAUDE,-1,SEM INFORMACAO,,74,2025-12
AC,33200,MINISTERIO DO TRABALHO E EMPREGO,-1,SEM INFORMACAO,,16,2025-12
AC,40603,SUPERINTENDENCIA DA ZONA FRANCA DE MANAUS,17400,MIN DESENVOLV IND COMERCIO E SERVICOS,,2,2025-12
AC,26275,UNIVERSIDADE FEDERAL DO ACRE,15000,MINISTERIO DA EDUCACAO,UNIV,1367,2025-12
AC,26449,UNIVERSIDADE FEDERAL DO CARIRI - CE,15000,MINISTERIO DA EDUCACAO,UNIV,1,2025-12
AC,26269,UNIVERSIDADE FEDERAL DO ESTADO DO RIO DE JANEIRO,15000,MINISTERIO DA EDUCACAO,UNIV,2,2025-12
AC,26241,UNIVERSIDADE FEDERAL DO PARANA,15000,MINISTERIO DA EDUCACAO,UNIV,8,2025-12
AC,26448,UNIVERSIDADE FEDERAL DO SUL E SUDESTE DO PARA,15000,MINISTERIO DA EDUCACAO,UNIV,1,2025-12
AL,40116,ADVOCACIA-GERAL DA UNIAO,-1,SEM INFORMACAO,,94,2025-12
AL,32396,AGENCIA NACIONAL DE MINERACAO,32000,MINISTERIO DE MINAS E ENERGIA,,4,2025-12
AL,41231,AGENCIA NACIONAL DE TELECOMUNICACOES,40108,"MINISTERIO DA CIENCIA, TECNOLOGIA, INOVACOES E COMUNICACOES",,8,2025-12
AL,39250,AGENCIA NACIONAL DE TRANSPORTES TERRESTRES,49200,MINISTERIO DOS TRANSPORTES,,2,2025-12
AL,36207,AGENCIA NACIONAL DE VIGILANCIA SANITARIA,25000,MINISTERIO DA SAUDE,,4,2025-12
AL,70000,COMANDO DA MARINHA,40115,MINISTERIO DA DEFESA,,1,2025-12
AL,16000,COMANDO DO EXERCITO,40115,MINISTERIO DA DEFESA,,6,2025-12
AL,59000,CONTROLADORIA-GERAL DA UNIAO,-1,SEM INFORMACAO,,16,2025-12
AL,37000,DEFENSORIA PUBLICA DA UNIAO,-1,SEM INFORMACAO,,2,2025-12
AL,39252,DEPARTAMENTO NACIONAL DE INFRAESTRUTURA DE TRANSPORTES,49200,MINISTERIO DOS TRANSPORTES,,48,2025-12
AL,42204,DEPARTAMENTO NACIONAL DE OBRAS CONTRA AS SECAS,40100,MIN DA INTEG E DO DESENV REGIONAL,,9,2025-12
AL,40408,FUNDACAO CULTURAL PALMARES,54100,MINISTERIO DA CULTURA,,1,2025-12
AL,45205,FUNDACAO INSTITUTO BRASILEIRO DE GEOGRAFIA E ESTATISTICA,17300,MINISTERIO DO PLANEJAMENTO E ORCAMENTO,IBGE,55,2025-12
AL,36205,FUNDACAO NACIONAL DE SAUDE,25000,MINISTERIO DA SAUDE,,37,2025-12
AL,30202,FUNDACAO NACIONAL DO INDIO,17200,MINISTERIO DOS POVOS INDIGENAS,,19,2025-12
AL,94720,GOVERNO DO ESTADO DE ALAGOAS,-1,SEM INFORMACAO,,7,2025-12
AL,40701,INSTITUTO BRASILEIRO DO MEIO AMBIENTE E RECURSOS NATURAIS RENOVAVEIS,40211,MINISTERIO DO MEIO AMBIENTE,,31,2025-12
AL,44207,INSTITUTO CHICO MENDES DE CONSERVACAO DA BIODIVERSIDADE,40211,MINISTERIO DO MEIO AMBIENTE,,9,2025-12
AL,24204,INSTITUTO DO PATRIMONIO HISTORICO E ARTISTICO NACIONAL,54100,MINISTERIO DA CULTURA,,19,2025-12
AL,26402,INSTITUTO FEDERAL DE ALAGOAS,15000,MINISTERIO DA EDUCACAO,IF,724,2025-12
AL,26420,INSTITUTO FEDERAL FARROUPILHA,15000,MINISTERIO DA EDUCACAO,,16,2025-12
AL,42201,INSTITUTO NACIONAL DE COLONIZACAO E REFORMA AGRARIA,13100,MIN DO DESENV AGR E AGRIC FAMILIAR,,53,2025-12
AL,57202,INSTITUTO NACIONAL DO SEGURO SOCIAL,33100,MINISTERIO DA PREVIDENCIA SOCIAL,INSS,263,2025-12
AL,13100,MIN DO DESENV AGR E AGRIC FAMILIAR,-1,SEM INFORMACAO,,2,2025-12
AL,17500,MIN GESTAO E INOV EM SERV PUBLICOS,-1,SEM INFORMACAO,,46,2025-12
AL,13300,MINISTERIO DA AGRICULTURA E PECUARIA,-1,SEM INFORMACAO,,29,2025-12
AL,54100,MINISTERIO DA CULTURA,-1,SEM INFORMACAO,,3,2025-12
AL,17600,MINISTERIO DA FAZENDA,-1,SEM INFORMACAO,FAZ,90,2025-12
AL,13200,MINISTERIO DA PESCA E AQUICULTURA,-1,SEM INFORMACAO,,1,2025-12
AL,33100,MINISTERIO DA PREVIDENCIA SOCIAL,-1,SEM INFORMACAO,,103,2025-12
AL,25000,MINISTERIO DA SAUDE,-1,SEM INFORMACAO,,42,2025-12
AL,33200,MINISTERIO DO TRABALHO E EMPREGO,-1,SEM INFORMACAO,,57,2025-12
AL,33206,SUPERINTENDENCIA NACIONAL DE PREVIDENCIA COMPLEMENTAR,33100,MINISTERIO DA PREVIDENCIA SOCIAL,,1,2025-12
AL,26231,UNIVERSIDADE FEDERAL DE ALAGOAS,15000,MINISTERIO DA EDUCACAO,UNIV,3188,2025-12
AM,40116,ADVOCACIA-GERAL DA UNIAO,-1,SEM INFORMACAO,,52,2025-12
AM,52201,AGENCIA NACIONAL DE AVIACAO CIVIL,49100,MINISTERIO DE PORTOS E AEROPORTOS,,6,2025-12
AM,32396,AGENCIA NACIONAL DE MINERACAO,32000,MINISTERIO DE MINAS E ENERGIA,,5,2025-12
AM,41231,AGENCIA NACIONAL DE TELECOMUNICACOES,40108,"MINISTERIO DA CIENCIA, TECNOLOGIA, INOVACOES E COMUNICACOES",,28,2025-12
AM,39251,AGENCIA NACIONAL DE TRANSPORTES AQUAVIARIOS,49100,MINISTERIO DE PORTOS E AEROPORTOS,,8,2025-12
AM,36207,AGENCIA NACIONAL DE VIGILANCIA SANITARIA,25000,MINISTERIO DA SAUDE,,12,2025-12
AM,32300,"AGENCIA NACIONAL DO PETROLEO, GAS NATURAL E BIOCOMBUSTIVEIS",32000,MINISTERIO DE MINAS E ENERGIA,,3,2025-12
AM,21000,COMANDO DA AERONAUTICA,40115,MINISTERIO DA DEFESA,,35,2025-12
AM,70000,COMANDO DA MARINHA,40115,MINISTERIO DA DEFESA,,9,2025-12
AM,16000,COMANDO DO EXERCITO,40115,MINISTERIO DA DEFESA,,86,2025-12
AM,59000,CONTROLADORIA-GERAL DA UNIAO,-1,SEM INFORMACAO,,25,2025-12
AM,39252,DEPARTAMENTO NACIONAL DE INFRAESTRUTURA DE TRANSPORTES,49200,MINISTERIO DOS TRANSPORTES,,53,2025-12
AM,45205,FUNDACAO INSTITUTO BRASILEIRO DE GEOGRAFIA E ESTATISTICA,17300,MINISTERIO DO PLANEJAMENTO E ORCAMENTO,IBGE,42,2025-12
AM,36205,FUNDACAO NACIONAL DE SAUDE,25000,MINISTERIO DA SAUDE,,29,2025-12
AM,30202,FUNDACAO NACIONAL DO INDIO,17200,MINISTERIO DOS POVOS INDIGENAS,,128,2025-12
AM,36201,FUNDACAO OSWALDO CRUZ,25000,MINISTERIO DA SAUDE,,55,2025-12
AM,26270,FUNDACAO UNIVERSIDADE FEDERAL DO AMAZONAS,15000,MINISTERIO DA EDUCACAO,UNIV,3140,2025-12
AM,93320,GOVERNO DO ESTADO DO AMAZONAS,-1,SEM INFORMACAO,,2,2025-12
AM,40701,INSTITUTO BRASILEIRO DO MEIO AMBIENTE E RECURSOS NATURAIS RENOVAVEIS,40211,MINISTERIO DO MEIO AMBIENTE,,95,2025-12
AM,44207,INSTITUTO CHICO MENDES DE CONSERVACAO DA BIODIVERSIDADE,40211,MINISTERIO DO MEIO AMBIENTE,,62,2025-12
AM,24204,INSTITUTO DO PATRIMONIO HISTORICO E ARTISTICO NACIONAL,54100,MINISTERIO DA CULTURA,,12,2025-12
AM,26403,INSTITUTO FEDERAL DO AMAZONAS,15000,MINISTERIO DA EDUCACAO,IF,1800,2025-12
AM,42201,INSTITUTO NACIONAL DE COLONIZACAO E REFORMA AGRARIA,13100,MIN DO DESENV AGR E AGRIC FAMILIAR,,82,2025-12
AM,57202,INSTITUTO NACIONAL DO SEGURO SOCIAL,33100,MINISTERIO DA PREVIDENCIA SOCIAL,INSS,199,2025-12
AM,17500,MIN GESTAO E INOV EM SERV PUBLICOS,-1,SEM INFORMACAO,,33,2025-12
AM,13300,MINISTERIO DA AGRICULTURA E PECUARIA,-1,SEM INFORMACAO,,61,2025-12
AM,40108,"MINISTERIO DA CIENCIA, TECNOLOGIA, INOVACOES E COMUNICACOES",-1,SEM INFORMACAO,,397,2025-12
AM,40115,MINISTERIO DA DEFESA,-1,SEM INFORMACAO,,28,2025-12
AM,17600,MINISTERIO DA FAZENDA,-1,SEM INFORMACAO,FAZ,277,2025-12
AM,33100,MINISTERIO DA PREVIDENCIA SOCIAL,-1,SEM INFORMACAO,,120,2025-12
AM,25000,MINISTERIO DA SAUDE,-1,SEM INFORMACAO,,113,2025-12
AM,33200,MINISTERIO DO TRABALHO E EMPREGO,-1,SEM INFORMACAO,,64,2025-12
AM,40603,SUPERINTENDENCIA DA ZONA FRANCA DE MANAUS,17400,MIN DESENVOLV IND COMERCIO E SERVICOS,,71,2025-12
AM,33206,SUPERINTENDENCIA NACIONAL DE PREVIDENCIA COMPLEMENTAR,33100,MINISTERIO DA PREVIDENCIA SOCIAL,,1,2025-12
AP,40116,ADVOCACIA-GERAL DA UNIAO,-1,SEM INFORMACAO,,25,2025-12
AP,32396,AGENCIA NACIONAL DE MINERACAO,32000,MINISTERIO DE MINAS E ENERGIA,,4,2025-12
AP,41231,AGENCIA NACIONAL DE TELECOMUNICACOES,40108,"MINISTERIO DA CIENCIA, TECNOLOGIA, INOVACOES E COMUNICACOES",,4,2025-12
AP,36207,AGENCIA NACIONAL DE VIGILANCIA SANITARIA,25000,MINISTERIO DA SAUDE,,9,2025-12
AP,70000,COMANDO DA MARINHA,40115,MINISTERIO DA DEFESA,,4,2025-12
AP,16000,COMANDO DO EXERCITO,40115,MINISTERIO DA DEFESA,,1,2025-12
AP,59000,CONTROLADORIA-GERAL DA UNIAO,-1,SEM INFORMACAO,,16,2025-12
AP,37000,DEFENSORIA PUBLICA DA UNIAO,-1,SEM INFORMACAO,,8,2025-12
AP,39252,DEPARTAMENTO NACIONAL DE INFRAESTRUTURA DE TRANSPORTES,49200,MINISTERIO DOS TRANSPORTES,,13,2025-12
AP,45205,FUNDACAO INSTITUTO BRASILEIRO DE GEOGRAFIA E ESTATISTICA,17300,MINISTERIO DO PLANEJAMENTO E ORCAMENTO,IBGE,23,2025-12
AP,36205,FUNDACAO NACIONAL DE SAUDE,25000,MINISTERIO DA SAUDE,,34,2025-12
AP,30202,FUNDACAO NACIONAL DO INDIO,17200,MINISTERIO DOS POVOS INDIGENAS,,21,2025-12
AP,26286,FUNDACAO UNIVERSIDADE FEDERAL DO AMAPA,15000,MINISTERIO DA EDUCACAO,UNIV,1098,2025-12
AP,93220,GOVERNO DO ESTADO DO AMAPA,-1,SEM INFORMACAO,,4,2025-12
AP,40701,INSTITUTO BRASILEIRO DO MEIO AMBIENTE E RECURSOS NATURAIS RENOVAVEIS,40211,MINISTERIO DO MEIO AMBIENTE,,78,2025-12
AP,44207,INSTITUTO CHICO MENDES DE CONSERVACAO DA BIODIVERSIDADE,40211,MINISTERIO DO MEIO AMBIENTE,,31,2025-12
AP,24204,INSTITUTO DO PATRIMONIO HISTORICO E ARTISTICO NACIONAL,54100,MINISTERIO DA CULTURA,,5,2025-12
AP,26426,INSTITUTO FEDERAL DO AMAPA,15000,MINISTERIO DA EDUCACAO,IF,685,2025-12
AP,26436,INSTITUTO FEDERAL SUL-RIO-GRANDENSE,15000,MINISTERIO DA EDUCACAO,,2,2025-12
AP,42201,INSTITUTO NACIONAL DE COLONIZACAO E REFORMA AGRARIA,13100,MIN DO DESENV AGR E AGRIC FAMILIAR,,19,2025-12
AP,57202,INSTITUTO NACIONAL DO SEGURO SOCIAL,33100,MINISTERIO DA PREVIDENCIA SOCIAL,INSS,56,2025-12
AP,17400,MIN DESENVOLV IND COMERCIO E SERVICOS,-1,SEM INFORMACAO,,1,2025-12
AP,13100,MIN DO DESENV AGR E AGRIC FAMILIAR,-1,SEM INFORMACAO,,4,2025-12
AP,17500,MIN GESTAO E INOV EM SERV PUBLICOS,-1,SEM INFORMACAO,,107,2025-12
AP,13300,MINISTERIO DA AGRICULTURA E PECUARIA,-1,SEM INFORMACAO,,31,2025-12
AP,17600,MINISTERIO DA FAZENDA,-1,SEM INFORMACAO,FAZ,67,2025-12
AP,13200,MINISTERIO DA PESCA E AQUICULTURA,-1,SEM INFORMACAO,,2,2025-12
AP,25000,MINISTERIO DA SAUDE,-1,SEM INFORMACAO,,70,2025-12
AP,33200,MINISTERIO DO TRABALHO E EMPREGO,-1,SEM INFORMACAO,,28,2025-12
AP,40603,SUPERINTENDENCIA DA ZONA FRANCA DE MANAUS,17400,MIN DESENVOLV IND COMERCIO E SERVICOS,,1,2025-12
AP,26258,UNIVERSIDADE TECNOLOGICA FEDERAL DO PARANA,15000,MINISTERIO DA EDUCACAO,UNIV,7,2025-12
BA,40116,ADVOCACIA-GERAL DA UNIAO,-1,SEM INFORMACAO,,324,2025-12
BA,52201,AGENCIA NACIONAL DE AVIACAO CIVIL,49100,MINISTERIO DE PORTOS E AEROPORTOS,,10,2025-12
BA,32396,AGENCIA NACIONAL DE MINERACAO,32000,MINISTERIO DE MINAS E ENERGIA,,16,2025-12
BA,36208,AGENCIA NACIONAL DE SAUDE SUPLEMENTAR,25000,MINISTERIO DA SAUDE,,18,2025-12
BA,41231,AGENCIA NACIONAL DE TELECOMUNICACOES,40108,"MINISTERIO DA CIENCIA, TECNOLOGIA, INOVACOES E COMUNICACOES",,39,2025-12
BA,39251,AGENCIA NACIONAL DE TRANSPORTES AQUAVIARIOS,49100,MINISTERIO DE PORTOS E AEROPORTOS,,10,2025-12
BA,39250,AGENCIA NACIONAL DE TRANSPORTES TERRESTRES,49200,MINISTERIO DOS TRANSPORTES,,13,2025-12
BA,36207,AGENCIA NACIONAL DE VIGILANCIA SANITARIA,25000,MINISTERIO DA SAUDE,,20,2025-12
BA,32300,"AGENCIA NACIONAL DO PETROLEO, GAS NATURAL E BIOCOMBUSTIVEIS",32000,MINISTERIO DE MINAS E ENERGIA,,28,2025-12
BA,26201,COLEGIO PEDRO II,15000,MINISTERIO DA EDUCACAO,IF,2,2025-12
BA,21000,COMANDO DA AERONAUTICA,40115,MINISTERIO DA DEFESA,,13,2025-12
BA,70000,COMANDO DA MARINHA,40115,MINISTERIO DA DEFESA,,104,2025-12
BA,16000,COMANDO DO EXERCITO,40115,MINISTERIO DA DEFESA,,147,2025-12
BA,40301,COMISSAO NACIONAL DE ENERGIA NUCLEAR,40108,"MINISTERIO DA CIENCIA, TECNOLOGIA, INOVACOES E COMUNICACOES",,1,2025-12
BA,22203,COMPANHIA DE DESENVOLVIMENTO DOS VALES DO SAO FRANCISCO E DO PARNAIBA,40100,MIN DA INTEG E DO DESENV REGIONAL,,1,2025-12
BA,22200,COMPANHIA NACIONAL DE ABASTECIMENTO,13100,MIN DO DESENV AGR E AGRIC FAMILIAR,,1,2025-12
BA,59000,CONTROLADORIA-GERAL DA UNIAO,-1,SEM INFORMACAO,,41,2025-12
BA,37000,DEFENSORIA PUBLICA DA UNIAO,-1,SEM INFORMACAO,,8,2025-12
BA,39252,DEPARTAMENTO NACIONAL DE INFRAESTRUTURA DE TRANSPORTES,49200,MINISTERIO DOS TRANSPORTES,,111,2025-12
BA,42204,DEPARTAMENTO NACIONAL DE OBRAS CONTRA AS SECAS,40100,MIN DA INTEG E DO DESENV REGIONAL,,26,2025-12
BA,26443,EMPRESA BRASILEIRA DE SERVICOS HOSPITALARES,15000,MINISTERIO DA EDUCACAO,,7,2025-12
BA,24205,FUNDACAO BIBLIOTECA NACIONAL,54100,MINISTERIO DA CULTURA,,1,2025-12
BA,40408,FUNDACAO CULTURAL PALMARES,54100,MINISTERIO DA CULTURA,,1,2025-12
BA,45205,FUNDACAO INSTITUTO BRASILEIRO DE GEOGRAFIA E ESTATISTICA,17300,MINISTERIO DO PLANEJAMENTO E ORCAMENTO,IBGE,208,2025-12
BA,57201,"FUNDACAO JORGE DUPRAT FIGUEIREDO, DE SEGURANCA E MEDICINA DO TRABALHO",33200,MINISTERIO DO TRABALHO E EMPREGO,,7,2025-12
BA,36205,FUNDACAO NACIONAL DE SAUDE,25000,MINISTERIO DA SAUDE,,72,2025-12
BA,30202,FUNDACAO NACIONAL DO INDIO,17200,MINISTERIO DOS POVOS INDIGENAS,,51,2025-12
BA,36201,FUNDACAO OSWALDO CRUZ,25000,MINISTERIO DA SAUDE,,108,2025-12
BA,26271,FUNDACAO UNIVERSIDADE DE BRASILIA,15000,MINISTERIO DA EDUCACAO,UNIV,2,2025-12
BA,26277,FUNDACAO UNIVERSIDADE FEDERAL DE OURO PRETO,15000,MINISTERIO DA EDUCACAO,UNIV,2,2025-12
BA,26352,FUNDACAO UNIVERSIDADE FEDERAL DO ABC,15000,MINISTERIO DA EDUCACAO,UNIV,7,2025-12
BA,26274,FUNDACAO UNIVERSIDADE FEDERAL UBERLANDIA,15000,MINISTERIO DA EDUCACAO,UNIV,3,2025-12
BA,94920,GOVERNO DO ESTADO DA BAHIA,-1,SEM INFORMACAO,,14,2025-12
BA,40701,INSTITUTO BRASILEIRO DO MEIO AMBIENTE E RECURSOS NATURAIS RENOVAVEIS,40211,MINISTERIO DO MEIO AMBIENTE,,99,2025-12
BA,44207,INSTITUTO CHICO MENDES DE CONSERVACAO DA BIODIVERSIDADE,40211,MINISTERIO DO MEIO AMBIENTE,,70,2025-12
BA,24204,INSTITUTO DO PATRIMONIO HISTORICO E ARTISTICO NACIONAL,54100,MINISTERIO DA CULTURA,,53,2025-12
BA,26404,INSTITUTO FEDERAL BAIANO,15000,MINISTERIO DA EDUCACAO,,1539,2025-12
BA,26427,INSTITUTO FEDERAL DA BAHIA,15000,MINISTERIO DA EDUCACAO,,2819,2025-12
BA,30204,INSTITUTO NACIONAL DA PROPRIEDADE INDUSTRIAL,17400,MIN DESENVOLV IND COMERCIO E SERVICOS,,3,2025-12
BA,42201,INSTITUTO NACIONAL DE COLONIZACAO E REFORMA AGRARIA,13100,MIN DO DESENV AGR E AGRIC FAMILIAR,,124,2025-12
BA,57202,INSTITUTO NACIONAL DO SEGURO SOCIAL,33100,MINISTERIO DA PREVIDENCIA SOCIAL,INSS,1188,2025-12
BA,17400,MIN DESENVOLV IND COMERCIO E SERVICOS,-1,SEM INFORMACAO,,1,2025-12
BA,13100,MIN DO DESENV AGR E AGRIC FAMILIAR,-1,SEM INFORMACAO,,5,2025-12
BA,17500,MIN GESTAO E INOV EM SERV PUBLICOS,-1,SEM INFORMACAO,,113,2025-12
BA,13300,MINISTERIO DA AGRICULTURA E PECUARIA,-1,SEM INFORMACAO,,323,2025-12
BA,40115,MINISTERIO DA DEFESA,-1,SEM INFORMACAO,,1,2025-12
BA,17600,MINISTERIO DA FAZENDA,-1,SEM INFORMACAO,FAZ,750,2025-12
BA,13200,MINISTERIO DA PESCA E AQUICULTURA,-1,SEM INFORMACAO,,1,2025-12
BA,33100,MINISTERIO DA PREVIDENCIA SOCIAL,-1,SEM INFORMACAO,,228,2025-12
BA,25000,MINISTERIO DA SAUDE,-1,SEM INFORMACAO,,145,2025-12
BA,35000,MINISTERIO DAS RELACOES EXTERIORES,-1,SEM INFORMACAO,,9,2025-12
BA,33200,MINISTERIO DO TRABALHO E EMPREGO,-1,SEM INFORMACAO,,231,2025-12
BA,98000,ORGAO CENTRAL DO SIPEC - SISTEMA DE PESSOAL CIVIL DA ADMINISTRACAO FEDERAL,-1,SEM INFORMACAO,,1,2025-12
BA,26442,UNIVERSIDADE DA INTEGRACAO INTERNACIONAL DA LUSOFONIA AFRO-BRASILEIRA,15000,MINISTERIO DA EDUCACAO,UNIV,104,2025-12
BA,26232,UNIVERSIDADE FEDERAL DA BAHIA,15000,MINISTERIO DA EDUCACAO,UNIV,5390,2025-12
BA,26267,UNIVERSIDADE FEDERAL DA INTEGRACAO LATINO-AMERICANA,15000,MINISTERIO DA EDUCACAO,UNIV,1,2025-12
BA,26260,UNIVERSIDADE FEDERAL DE ALFENAS - MG,15000,MINISTERIO DA EDUCACAO,UNIV,1,2025-12
BA,26252,UNIVERSIDADE FEDERAL DE CAMPINA GRANDE - PB,15000,MINISTERIO DA EDUCACAO,UNIV,3,2025-12
BA,26454,UNIVERSIDADE FEDERAL DE RONDONOPOLIS,15000,MINISTERIO DA EDUCACAO,UNIV,1,2025-12
BA,26280,UNIVERSIDADE FEDERAL DE SAO CARLOS - SP,15000,MINISTERIO DA EDUCACAO,UNIV,1,2025-12
BA,26282,UNIVERSIDADE FEDERAL DE VICOSA - MG,15000,MINISTERIO DA EDUCACAO,UNIV,2,2025-12
BA,26449,UNIVERSIDADE FEDERAL DO CARIRI - CE,15000,MINISTERIO DA EDUCACAO,UNIV,1,2025-12
BA,26447,UNIVERSIDADE FEDERAL DO OESTE DA BAHIA,15000,MINISTERIO DA EDUCACAO,UNIV,610,2025-12
BA,26351,UNIVERSIDADE FEDERAL DO RECONCAVO DA BAHIA,15000,MINISTERIO DA EDUCACAO,UNIV,1574,2025-12
BA,26273,UNIVERSIDADE FEDERAL DO RIO GRANDE - RS,15000,MINISTERIO DA EDUCACAO,UNIV,1,2025-12
BA,26450,UNIVERSIDADE FEDERAL DO SUL DA BAHIA,15000,MINISTERIO DA EDUCACAO,UNIV,619,2025-12
BA,26254,UNIVERSIDADE FEDERAL DO TRIANGULO MINEIRO,15000,MINISTERIO DA EDUCACAO,UNIV,6,2025-12
BA,26230,UNIVERSIDADE FEDERAL DO VALE DO SAO FRANCISCO,15000,MINISTERIO DA EDUCACAO,UNIV,284,2025-12
BA,26255,UNIVERSIDADE FEDERAL DOS VALES DO JEQUITINHONHA E MUCURI,15000,MINISTERIO DA EDUCACAO,UNIV,1,2025-12
CE,40116,ADVOCACIA-GERAL DA UNIAO,-1,SEM INFORMACAO,,276,2025-12
CE,52201,AGENCIA NACIONAL DE AVIACAO CIVIL,49100,MINISTERIO DE PORTOS E AEROPORTOS,,5,2025-12
CE,32396,AGENCIA NACIONAL DE MINERACAO,32000,MINISTERIO DE MINAS E ENERGIA,,12,2025-12
CE,36208,AGENCIA NACIONAL DE SAUDE SUPLEMENTAR,25000,MINISTERIO DA SAUDE,,11,2025-12
CE,41231,AGENCIA NACIONAL DE TELECOMUNICACOES,40108,"MINISTERIO DA CIENCIA, TECNOLOGIA, INOVACOES E COMUNICACOES",,36,2025-12
CE,39251,AGENCIA NACIONAL DE TRANSPORTES AQUAVIARIOS,49100,MINISTERIO DE PORTOS E AEROPORTOS,,7,2025-12
CE,39250,AGENCIA NACIONAL DE TRANSPORTES TERRESTRES,49200,MINISTERIO DOS TRANSPORTES,,11,2025-12
CE,36207,AGENCIA NACIONAL DE VIGILANCIA SANITARIA,25000,MINISTERIO DA SAUDE,,15,2025-12
CE,99041,ASSEMBLEIA LEGISLATIVA - CEARA,-1,SEM INFORMACAO,,2,2025-12
CE,21000,COMANDO DA AERONAUTICA,40115,MINISTERIO DA DEFESA,,20,2025-12
CE,70000,COMANDO DA MARINHA,40115,MINISTERIO DA DEFESA,,15,2025-12
CE,16000,COMANDO DO EXERCITO,40115,MINISTERIO DA DEFESA,,139,2025-12
CE,40301,COMISSAO NACIONAL DE ENERGIA NUCLEAR,40108,"MINISTERIO DA CIENCIA, TECNOLOGIA, INOVACOES E COMUNICACOES",,11,2025-12
CE,59000,CONTROLADORIA-GERAL DA UNIAO,-1,SEM INFORMACAO,,53,2025-12
CE,37000,DEFENSORIA PUBLICA DA UNIAO,-1,SEM INFORMACAO,,34,2025-12
CE,39252,DEPARTAMENTO NACIONAL DE INFRAESTRUTURA DE TRANSPORTES,49200,MINISTERIO DOS TRANSPORTES,,86,2025-12
CE,42204,DEPARTAMENTO NACIONAL DE OBRAS CONTRA AS SECAS,40100,MIN DA INTEG E DO DESENV REGIONAL,,165,2025-12
CE,45205,FUNDACAO INSTITUTO BRASILEIRO DE GEOGRAFIA E ESTATISTICA,17300,MINISTERIO DO PLANEJAMENTO E ORCAMENTO,IBGE,120,2025-12
CE,36205,FUNDACAO NACIONAL DE SAUDE,25000,MINISTERIO DA SAUDE,,45,2025-12
CE,30202,FUNDACAO NACIONAL DO INDIO,17200,MINISTERIO DOS POVOS INDIGENAS,,20,2025-12
CE,36201,FUNDACAO OSWALDO CRUZ,25000,MINISTERIO DA SAUDE,,58,2025-12
CE,94320,GOVERNO DO ESTADO DO CEARA,-1,SEM INFORMACAO,,23,2025-12
CE,40701,INSTITUTO BRASILEIRO DO MEIO AMBIENTE E RECURSOS NATURAIS RENOVAVEIS,40211,MINISTERIO DO MEIO AMBIENTE,,80,2025-12
CE,44207,INSTITUTO CHICO MENDES DE CONSERVACAO DA BIODIVERSIDADE,40211,MINISTERIO DO MEIO AMBIENTE,,41,2025-12
CE,24204,INSTITUTO DO PATRIMONIO HISTORICO E ARTISTICO NACIONAL,54100,MINISTERIO DA CULTURA,,22,2025-12
CE,26404,INSTITUTO FEDERAL BAIANO,15000,MINISTERIO DA EDUCACAO,,1,2025-12
CE,26405,INSTITUTO FEDERAL DO CEARA,15000,MINISTERIO DA EDUCACAO,IF,3624,2025-12
CE,26435,INSTITUTO FEDERAL DO RIO GRANDE DO NORTE,15000,MINISTERIO DA EDUCACAO,IF,1,2025-12
CE,26407,INSTITUTO FEDERAL GOIANO,15000,MINISTERIO DA EDUCACAO,,10,2025-12
CE,30204,INSTITUTO NACIONAL DA PROPRIEDADE INDUSTRIAL,17400,MIN DESENVOLV IND COMERCIO E SERVICOS,,1,2025-12
CE,42201,INSTITUTO NACIONAL DE COLONIZACAO E REFORMA AGRARIA,13100,MIN DO DESENV AGR E AGRIC FAMILIAR,,99,2025-12
CE,57202,INSTITUTO NACIONAL DO SEGURO SOCIAL,33100,MINISTERIO DA PREVIDENCIA SOCIAL,INSS,780,2025-12
CE,13100,MIN DO DESENV AGR E AGRIC FAMILIAR,-1,SEM INFORMACAO,,3,2025-12
CE,17500,MIN GESTAO E INOV EM SERV PUBLICOS,-1,SEM INFORMACAO,,95,2025-12
CE,13300,MINISTERIO DA AGRICULTURA E PECUARIA,-1,SEM INFORMACAO,,65,2025-12
CE,17000,MINISTERIO DA ECONOMIA,-1,SEM INFORMACAO,,1,2025-12
CE,17600,MINISTERIO DA FAZENDA,-1,SEM INFORMACAO,FAZ,614,2025-12
CE,13200,MINISTERIO DA PESCA E AQUICULTURA,-1,SEM INFORMACAO,,5,2025-12
CE,33100,MINISTERIO DA PREVIDENCIA SOCIAL,-1,SEM INFORMACAO,,175,2025-12
CE,25000,MINISTERIO DA SAUDE,-1,SEM INFORMACAO,,89,2025-12
CE,33200,MINISTERIO DO TRABALHO E EMPREGO,-1,SEM INFORMACAO,,172,2025-12
CE,99040,PREFEITURA MUNICIPAL DE FORTALEZA - CE,-1,SEM INFORMACAO,,7,2025-12
CE,20101,PRESIDENCIA DA REPUBLICA,-1,SEM INFORMACAO,,2,2025-12
CE,26442,UNIVERSIDADE DA INTEGRACAO INTERNACIONAL DA LUSOFONIA AFRO-BRASILEIRA,15000,MINISTERIO DA EDUCACAO,UNIV,530,2025-12
CE,26242,UNIVERSIDADE FEDERAL DE PERNAMBUCO,15000,MINISTERIO DA EDUCACAO,UNIV,2,2025-12
CE,26247,UNIVERSIDADE FEDERAL DE SANTA MARIA - RS,15000,MINISTERIO DA EDUCACAO,UNIV,11,2025-12
CE,26282,UNIVERSIDADE FEDERAL DE VICOSA - MG,15000,MINISTERIO DA EDUCACAO,UNIV,2,2025-12
CE,26449,UNIVERSIDADE FEDERAL DO CARIRI - CE,15000,MINISTERIO DA EDUCACAO,UNIV,501,2025-12
CE,26233,UNIVERSIDADE FEDERAL DO CEARA,15000,MINISTERIO DA EDUCACAO,UNIV,5266,2025-12
CE,26243,UNIVERSIDADE FEDERAL DO RIO GRANDE DO NORTE,15000,MINISTERIO DA EDUCACAO,UNIV,3,2025-12
CE,26244,UNIVERSIDADE FEDERAL DO RIO GRANDE DO SUL,15000,MINISTERIO DA EDUCACAO,UNIV,1,2025-12
DF,40116,ADVOCACIA-GERAL DA UNIAO,-1,SEM INFORMACAO,,1382,2025-12
DF,40106,ADVOCACIA-GERAL DA UNIAO,20101,PRESIDENCIA DA REPUBLICA,,3,2025-12
DF,21300,AGENCIA ESPACIAL BRASILEIRA,40108,"MINISTERIO DA CIENCIA, TECNOLOGIA, INOVACOES E COMUNICACOES",,57,2025-12
DF,44205,AGENCIA NACIONAL DE AGUAS,40211,MINISTERIO DO MEIO AMBIENTE,,283,2025-12
DF,52201,AGENCIA NACIONAL DE AVIACAO CIVIL,49100,MINISTERIO DE PORTOS E AEROPORTOS,,522,2025-12
DF,32200,AGENCIA NACIONAL DE ENERGIA ELETRICA,32000,MINISTERIO DE MINAS E ENERGIA,,436,2025-12
DF,32396,AGENCIA NACIONAL DE MINERACAO,32000,MINISTERIO DE MINAS E ENERGIA,,491,2025-12
DF,36208,AGENCIA NACIONAL DE SAUDE SUPLEMENTAR,25000,MINISTERIO DA SAUDE,,16,2025-12
DF,41231,AGENCIA NACIONAL DE TELECOMUNICACOES,40108,"MINISTERIO DA CIENCIA, TECNOLOGIA, INOVACOES E COMUNICACOES",,471,2025-12
DF,39251,AGENCIA NACIONAL DE TRANSPORTES AQUAVIARIOS,49100,MINISTERIO DE PORTOS E AEROPORTOS,,188,2025-12
DF,39250,AGENCIA NACIONAL DE TRANSPORTES TERRESTRES,49200,MINISTERIO DOS TRANSPORTES,,581,2025-12
DF,36207,AGENCIA NACIONAL DE VIGILANCIA SANITARIA,25000,MINISTERIO DA SAUDE,,834,2025-12
DF,20224,AGENCIA NACIONAL DO CINEMA,54100,MINISTERIO DA CULTURA,,1,2025-12
DF,32300,"AGENCIA NACIONAL DO PETROLEO, GAS NATURAL E BIOCOMBUSTIVEIS",32000,MINISTERIO DE MINAS E ENERGIA,,75,2025-12
DF,97401,CAMARA LEGISLATIVA DO DISTRITO FEDERAL,-1,SEM INFORMACAO,,4,2025-12
DF,21000,COMANDO DA AERONAUTICA,40115,MINISTERIO DA DEFESA,,201,2025-12
DF,70000,COMANDO DA MARINHA,40115,MINISTERIO DA DEFESA,,35,2025-12
DF,16000,COMANDO DO EXERCITO,40115,MINISTERIO DA DEFESA,,238,2025-12
DF,45203,COMISSAO DE VALORES MOBILIARIOS,17600,MINISTERIO DA FAZENDA,FAZ,422,2025-12
DF,40301,COMISSAO NACIONAL DE ENERGIA NUCLEAR,40108,"MINISTERIO DA CIENCIA, TECNOLOGIA, INOVACOES E COMUNICACOES",,5,2025-12
DF,29214,COMPANHIA BRASILEIRA DE TRENS URBANOS,40200,MINISTERIO DAS CIDADES,,8,2025-12
DF,99060,COMPANHIA ENERGETICA DE BRASILIA,-1,SEM INFORMACAO,,1,2025-12
DF,22200,COMPANHIA NACIONAL DE ABASTECIMENTO,13100,MIN DO DESENV AGR E AGRIC FAMILIAR,,6,2025-12
DF,38000,CONSELHO ADMINISTRATIVO DE DEFESA ECONOMICA,20000,MINISTERIO DA JUSTICA E SEGURANCA PUBLICA,,257,2025-12
DF,40501,CONSELHO NACIONAL DE DESENVOLVIMENTO CIENTIFICO E TECNOLOGICO,40108,"MINISTERIO DA CIENCIA, TECNOLOGIA, INOVACOES E COMUNICACOES",,281,2025-12
DF,59000,CONTROLADORIA-GERAL DA UNIAO,-1,SEM INFORMACAO,,1180,2025-12
DF,37000,DEFENSORIA PUBLICA DA UNIAO,-1,SEM INFORMACAO,,355,2025-12
DF,39252,DEPARTAMENTO NACIONAL DE INFRAESTRUTURA DE TRANSPORTES,49200,MINISTERIO DOS TRANSPORTES,,373,2025-12
DF,42204,DEPARTAMENTO NACIONAL DE OBRAS CONTRA AS SECAS,40100,MIN DA INTEG E DO DESENV REGIONAL,,1,2025-12
DF,20415,EMPRESA BRASIL DE COMUNICACAO,20101,PRESIDENCIA DA REPUBLICA,,33,2025-12
DF,22202,EMPRESA BRASILEIRA DE PESQUISA AGROPECUARIA,13300,MINISTERIO DA AGRICULTURA E PECUARIA,,3,2025-12
DF,26443,EMPRESA BRASILEIRA DE SERVICOS HOSPITALARES,15000,MINISTERIO DA EDUCACAO,,6,2025-12
DF,40202,FUNCAO ESCOLA NACIONAL DE ADMINISTRACAO PUBLICA,17500,MIN GESTAO E INOV EM SERV PUBLICOS,,279,2025-12
DF,35201,FUNDACAO ALEXANDRE GUSMAO,35000,MINISTERIO DAS RELACOES EXTERIORES,,19,2025-12
DF,26298,FUNDACAO COORDENACAO DE APERFEICOAMENTO DE PESSOAL DE NIVEL SUPERIOR,15000,MINISTERIO DA EDUCACAO,,261,2025-12
DF,40408,FUNDACAO CULTURAL PALMARES,54100,MINISTERIO DA CULTURA,,23,2025-12
DF,45205,FUNDACAO INSTITUTO BRASILEIRO DE GEOGRAFIA E ESTATISTICA,17300,MINISTERIO DO PLANEJAMENTO E ORCAMENTO,IBGE,75,2025-12
DF,57201,"FUNDACAO JORGE DUPRAT FIGUEIREDO, DE SEGURANCA E MEDICINA DO TRABALHO",33200,MINISTERIO DO TRABALHO E EMPREGO,,1,2025-12
DF,36205,FUNDACAO NACIONAL DE SAUDE,25000,MINISTERIO DA SAUDE,,93,2025-12
DF,30202,FUNDACAO NACIONAL DO INDIO,17200,MINISTERIO DOS POVOS INDIGENAS,,367,2025-12
DF,36201,FUNDACAO OSWALDO CRUZ,25000,MINISTERIO DA SAUDE,,70,2025-12
DF,26271,FUNDACAO UNIVERSIDADE DE BRASILIA,15000,MINISTERIO DA EDUCACAO,UNIV,5427,2025-12
DF,26285,FUNDACAO UNIVERSIDADE FEDERAL DE SAO JOAO DEL-REI,15000,MINISTERIO DA EDUCACAO,UNIV,16,2025-12
DF,26286,FUNDACAO UNIVERSIDADE FEDERAL DO AMAPA,15000,MINISTERIO DA EDUCACAO,UNIV,16,2025-12
DF,26270,FUNDACAO UNIVERSIDADE FEDERAL DO AMAZONAS,15000,MINISTERIO DA EDUCACAO,UNIV,2,2025-12
DF,26272,FUNDACAO UNIVERSIDADE FEDERAL DO MARANHAO,15000,MINISTERIO DA EDUCACAO,UNIV,1,2025-12
DF,26106,FUNDO NACIONAL DE DESENVOLVIMENTO DA EDUCACAO,15000,MINISTERIO DA EDUCACAO,,309,2025-12
DF,97400,GOVERNO DO DISTRITO FEDERAL,-1,SEM INFORMACAO,,80,2025-12
DF,99072,GOVERNO DO DISTRITO FEDERAL,-1,SEM INFORMACAO,,6,2025-12
DF,17800,INST NAC DE TECN DA INFORMACAO,17500,MIN GESTAO E INOV EM SERV PUBLICOS,,34,2025-12
DF,42207,INSTITUTO BRASILEIRO DE MUSEUS,54100,MINISTERIO DA CULTURA,,94,2025-12
DF,40701,INSTITUTO BRASILEIRO DO MEIO AMBIENTE E RECURSOS NATURAIS RENOVAVEIS,40211,MINISTERIO DO MEIO AMBIENTE,,1041,2025-12
DF,44207,INSTITUTO CHICO MENDES DE CONSERVACAO DA BIODIVERSIDADE,40211,MINISTERIO DO MEIO AMBIENTE,,463,2025-12
DF,45206,INSTITUTO DE PESQUISA ECONOMICA APLICADA,17300,MINISTERIO DO PLANEJAMENTO E ORCAMENTO,,313,2025-12
DF,24204,INSTITUTO DO PATRIMONIO HISTORICO E ARTISTICO NACIONAL,54100,MINISTERIO DA CULTURA,,162,2025-12
DF,26404,INSTITUTO FEDERAL BAIANO,15000,MINISTERIO DA EDUCACAO,,1,2025-12
DF,26422,INSTITUTO FEDERAL CATARINENSE,15000,MINISTERIO DA EDUCACAO,,1,2025-12
DF,26417,INSTITUTO FEDERAL DA PARAIBA,15000,MINISTERIO DA EDUCACAO,,11,2025-12
DF,26402,INSTITUTO FEDERAL DE ALAGOAS,15000,MINISTERIO DA EDUCACAO,IF,1116,2025-12
DF,26428,INSTITUTO FEDERAL DE BRASILIA,15000,MINISTERIO DA EDUCACAO,IF,1273,2025-12
DF,26421,INSTITUTO FEDERAL DE RONDONIA,15000,MINISTERIO DA EDUCACAO,IF,1163,2025-12
DF,26437,INSTITUTO FEDERAL DE RORAIMA,15000,MINISTERIO DA EDUCACAO,IF,20,2025-12
DF,26438,INSTITUTO FEDERAL DE SANTA CATARINA,15000,MINISTERIO DA EDUCACAO,IF,17,2025-12
DF,26439,INSTITUTO FEDERAL DE SAO PAULO,15000,MINISTERIO DA EDUCACAO,IF,3,2025-12
DF,26423,INSTITUTO FEDERAL DE SERGIPE,15000,MINISTERIO DA EDUCACAO,IF,2,2025-12
DF,26426,INSTITUTO FEDERAL DO AMAPA,15000,MINISTERIO DA EDUCACAO,IF,2,2025-12
DF,26405,INSTITUTO FEDERAL DO CEARA,15000,MINISTERIO DA EDUCACAO,IF,4,2025-12
DF,26406,INSTITUTO FEDERAL DO ESPIRITO SANTO,15000,MINISTERIO DA EDUCACAO,IF,18,2025-12
DF,26416,INSTITUTO FEDERAL DO PARA,15000,MINISTERIO DA EDUCACAO,IF,31,2025-12
DF,26430,INSTITUTO FEDERAL DO SERTAO PERNAMBUCANO,15000,MINISTERIO DA EDUCACAO,IF,16,2025-12
DF,26411,INSTITUTO FEDERAL DO SUDESTE DE MINAS GERAIS,15000,MINISTERIO DA EDUCACAO,IF,6,2025-12
DF,26424,INSTITUTO FEDERAL DO TOCANTINS,15000,MINISTERIO DA EDUCACAO,IF,8,2025-12
DF,30204,INSTITUTO NACIONAL DA PROPRIEDADE INDUSTRIAL,17400,MIN DESENVOLV IND COMERCIO E SERVICOS,,8,2025-12
DF,42201,INSTITUTO NACIONAL DE COLONIZACAO E REFORMA AGRARIA,13100,MIN DO DESENV AGR E AGRIC FAMILIAR,,324,2025-12
DF,26107,INSTITUTO NACIONAL DE ESTUDOS E PESQUISAS EDUCACIONAIS,15000,MINISTERIO DA EDUCACAO,,195,2025-12
DF,30203,"INSTITUTO NACIONAL DE METROLOGIA, QUALIDADE E TECNOLOGIA",17400,MIN DESENVOLV IND COMERCIO E SERVICOS,,38,2025-12
DF,57202,INSTITUTO NACIONAL DO SEGURO SOCIAL,33100,MINISTERIO DA PREVIDENCIA SOCIAL,INSS,795,2025-12
DF,40100,MIN DA INTEG E DO DESENV REGIONAL,-1,SEM INFORMACAO,,306,2025-12
DF,55100,MIN DESENV ASSIS SOCI FAMIL COMBATE FOME,-1,SEM INFORMACAO,,351,2025-12
DF,17400,MIN DESENVOLV IND COMERCIO E SERVICOS,-1,SEM INFORMACAO,,484,2025-12
DF,13100,MIN DO DESENV AGR E AGRIC FAMILIAR,-1,SEM INFORMACAO,,165,2025-12
DF,81100,MIN DOS DIR HUM E DA CIDADANIA,-1,SEM INFORMACAO,,166,2025-12
DF,17700,MIN EMPREEND MICROEMP EMP PEQUENO PORTE,-1,SEM INFORMACAO,,43,2025-12
DF,17500,MIN GESTAO E INOV EM SERV PUBLICOS,-1,SEM INFORMACAO,,2517,2025-12
DF,13300,MINISTERIO DA AGRICULTURA E PECUARIA,-1,SEM INFORMACAO,,1095,2025-12
DF,40108,"MINISTERIO DA CIENCIA, TECNOLOGIA, INOVACOES E COMUNICACOES",-1,SEM INFORMACAO,,433,2025-12
DF,54100,MINISTERIO DA CULTURA,-1,SEM INFORMACAO,,431,2025-12
DF,40115,MINISTERIO DA DEFESA,-1,SEM INFORMACAO,,1089,2025-12
DF,40105,MINISTERIO DA DEFESA,-1,SEM INFORMACAO,,2,2025-12
DF,17000,MINISTERIO DA ECONOMIA,-1,SEM INFORMACAO,,2,2025-12
DF,15000,MINISTERIO DA EDUCACAO,-1,SEM INFORMACAO,,513,2025-12
DF,17600,MINISTERIO DA FAZENDA,-1,SEM INFORMACAO,FAZ,3114,2025-12
DF,81300,MINISTERIO DA IGUALDADE RACIAL,-1,SEM INFORMACAO,,51,2025-12
DF,20000,MINISTERIO DA JUSTICA E SEGURANCA PUBLICA,-1,SEM INFORMACAO,,468,2025-12
DF,13200,MINISTERIO DA PESCA E AQUICULTURA,-1,SEM INFORMACAO,,60,2025-12
DF,33100,MINISTERIO DA PREVIDENCIA SOCIAL,-1,SEM INFORMACAO,,346,2025-12
DF,25000,MINISTERIO DA SAUDE,-1,SEM INFORMACAO,,1054,2025-12
DF,40200,MINISTERIO DAS CIDADES,-1,SEM INFORMACAO,,282,2025-12
DF,41100,MINISTERIO DAS COMUNICACOES,-1,SEM INFORMACAO,,199,2025-12
DF,81200,MINISTERIO DAS MULHERES,-1,SEM INFORMACAO,,46,2025-12
DF,35000,MINISTERIO DAS RELACOES EXTERIORES,-1,SEM INFORMACAO,,2156,2025-12
DF,32000,MINISTERIO DE MINAS E ENERGIA,-1,SEM INFORMACAO,,243,2025-12
DF,49100,MINISTERIO DE PORTOS E AEROPORTOS,-1,SEM INFORMACAO,,170,2025-12
DF,55200,MINISTERIO DO ESPORTE,-1,SEM INFORMACAO,,83,2025-12
DF,40211,MINISTERIO DO MEIO AMBIENTE,-1,SEM INFORMACAO,,588,2025-12
DF,17300,MINISTERIO DO PLANEJAMENTO E ORCAMENTO,-1,SEM INFORMACAO,,427,2025-12
DF,33200,MINISTERIO DO TRABALHO E EMPREGO,-1,SEM INFORMACAO,,591,2025-12
DF,54000,MINISTERIO DO TURISMO,-1,SEM INFORMACAO,,142,2025-12
DF,17200,MINISTERIO DOS POVOS INDIGENAS,-1,SEM INFORMACAO,,63,2025-12
DF,49200,MINISTERIO DOS TRANSPORTES,-1,SEM INFORMACAO,,247,2025-12
DF,90400,MINISTERIO PUBLICO DO DISTRITO FEDERAL E TERRITORIOS,-1,SEM INFORMACAO,,59,2025-12
DF,20101,PRESIDENCIA DA REPUBLICA,-1,SEM INFORMACAO,,659,2025-12
DF,40603,SUPERINTENDENCIA DA ZONA FRANCA DE MANAUS,17400,MIN DESENVOLV IND COMERCIO E SERVICOS,,296,2025-12
DF,45208,SUPERINTENDENCIA DE SEGUROS PRIVADOS,17600,MINISTERIO DA FAZENDA,FAZ,79,2025-12
DF,53297,SUPERINTENDENCIA DO DESENVOLVIMENTO DO CENTRO-OESTE,40100,MIN DA INTEG E DO DESENV REGIONAL,,28,2025-12
DF,53203,SUPERINTENDENCIA DO DESENVOLVIMENTO DO NORDESTE,40100,MIN DA INTEG E DO DESENV REGIONAL,,2,2025-12
DF,33206,SUPERINTENDENCIA NACIONAL DE PREVIDENCIA COMPLEMENTAR,33100,MINISTERIO DA PREVIDENCIA SOCIAL,,110,2025-12
DF,24100,TELEBRAS - TELECOM. BRASILEIRAS S.A.,40108,"MINISTERIO DA CIENCIA, TECNOLOGIA, INOVACOES E COMUNICACOES",,1,2025-12
DF,99048,TRIBUNAL DE JUSTICA DO DISTRITO FEDERAL E DOS TERRITORIOS,-1,SEM INFORMACAO,,1,2025-12
DF,26455,UNIV. FEDERAL DO DELTA DO PARNAIBA,15000,MINISTERIO DA EDUCACAO,UNIV,1,2025-12
DF,26267,UNIVERSIDADE FEDERAL DA INTEGRACAO LATINO-AMERICANA,15000,MINISTERIO DA EDUCACAO,UNIV,705,2025-12
DF,26240,UNIVERSIDADE FEDERAL DA PARAIBA,15000,MINISTERIO DA EDUCACAO,UNIV,3,2025-12
DF,26453,UNIVERSIDADE FEDERAL DE JATAI,15000,MINISTERIO DA EDUCACAO,UNIV,1,2025-12
DF,26263,UNIVERSIDADE FEDERAL DE LAVRAS - MG,15000,MINISTERIO DA EDUCACAO,UNIV,1,2025-12
DF,26242,UNIVERSIDADE FEDERAL DE PERNAMBUCO,15000,MINISTERIO DA EDUCACAO,UNIV,1,2025-12
DF,26250,UNIVERSIDADE FEDERAL DE RORAIMA,15000,MINISTERIO DA EDUCACAO,UNIV,2,2025-12
DF,26247,UNIVERSIDADE FEDERAL DE SANTA MARIA - RS,15000,MINISTERIO DA EDUCACAO,UNIV,1,2025-12
DF,26234,UNIVERSIDADE FEDERAL DO ESPIRITO SANTO,15000,MINISTERIO DA EDUCACAO,UNIV,3,2025-12
DF,26269,UNIVERSIDADE FEDERAL DO ESTADO DO RIO DE JANEIRO,15000,MINISTERIO DA EDUCACAO,UNIV,2,2025-12
DF,26239,UNIVERSIDADE FEDERAL DO PARA,15000,MINISTERIO DA EDUCACAO,UNIV,2,2025-12
DF,26230,UNIVERSIDADE FEDERAL DO VALE DO SAO FRANCISCO,15000,MINISTERIO DA EDUCACAO,UNIV,1,2025-12
DF,26255,UNIVERSIDADE FEDERAL DOS VALES DO JEQUITINHONHA E MUCURI,15000,MINISTERIO DA EDUCACAO,UNIV,1,2025-12
DF,26236,UNIVERSIDADE FEDERAL FLUMINENSE - RJ,15000,MINISTERIO DA EDUCACAO,UNIV,1,2025-12
DF,26253,UNIVERSIDADE FEDERAL RURAL DA AMAZONIA,15000,MINISTERIO DA EDUCACAO,UNIV,4,2025-12
DF,26258,UNIVERSIDADE TECNOLOGICA FEDERAL DO PARANA,15000,MINISTERIO DA EDUCACAO,UNIV,20,2025-12
DF,49300,"VALEC ENGENHARIA, CONSTRUCOES E FERROVIAS S.A.",49200,MINISTERIO DOS TRANSPORTES,,1,2025-12
DF,20102,VICE PRESIDENCIA DA REPUBLICA,-1,SEM INFORMACAO,,12,2025-12
ES,40116,ADVOCACIA-GERAL DA UNIAO,-1,SEM INFORMACAO,,105,2025-12
ES,52201,AGENCIA NACIONAL DE AVIACAO CIVIL,49100,MINISTERIO DE PORTOS E AEROPORTOS,,5,2025-12
ES,32200,AGENCIA NACIONAL DE ENERGIA ELETRICA,32000,MINISTERIO DE MINAS E ENERGIA,,1,2025-12
ES,32396,AGENCIA NACIONAL DE MINERACAO,32000,MINISTERIO DE MINAS E ENERGIA,,12,2025-12
ES,41231,AGENCIA NACIONAL DE TELECOMUNICACOES,40108,"MINISTERIO DA CIENCIA, TECNOLOGIA, INOVACOES E COMUNICACOES",,15,2025-12
ES,39251,AGENCIA NACIONAL DE TRANSPORTES AQUAVIARIOS,49100,MINISTERIO DE PORTOS E AEROPORTOS,,6,2025-12
ES,39250,AGENCIA NACIONAL DE TRANSPORTES TERRESTRES,49200,MINISTERIO DOS TRANSPORTES,,4,2025-12
ES,36207,AGENCIA NACIONAL DE VIGILANCIA SANITARIA,25000,MINISTERIO DA SAUDE,,12,2025-12
ES,70000,COMANDO DA MARINHA,40115,MINISTERIO DA DEFESA,,20,2025-12
ES,16000,COMANDO DO EXERCITO,40115,MINISTERIO DA DEFESA,,5,2025-12
ES,22200,COMPANHIA NACIONAL DE ABASTECIMENTO,13100,MIN DO DESENV AGR E AGRIC FAMILIAR,,3,2025-12
ES,59000,CONTROLADORIA-GERAL DA UNIAO,-1,SEM INFORMACAO,,32,2025-12
ES,37000,DEFENSORIA PUBLICA DA UNIAO,-1,SEM INFORMACAO,,3,2025-12
ES,39252,DEPARTAMENTO NACIONAL DE INFRAESTRUTURA DE TRANSPORTES,49200,MINISTERIO DOS TRANSPORTES,,53,2025-12
ES,26443,EMPRESA BRASILEIRA DE SERVICOS HOSPITALARES,15000,MINISTERIO DA EDUCACAO,,8,2025-12
ES,45205,FUNDACAO INSTITUTO BRASILEIRO DE GEOGRAFIA E ESTATISTICA,17300,MINISTERIO DO PLANEJAMENTO E ORCAMENTO,IBGE,58,2025-12
ES,57201,"FUNDACAO JORGE DUPRAT FIGUEIREDO, DE SEGURANCA E MEDICINA DO TRABALHO",33200,MINISTERIO DO TRABALHO E EMPREGO,,3,2025-12
ES,36205,FUNDACAO NACIONAL DE SAUDE,25000,MINISTERIO DA SAUDE,,11,2025-12
ES,30202,FUNDACAO NACIONAL DO INDIO,17200,MINISTERIO DOS POVOS INDIGENAS,,7,2025-12
ES,26106,FUNDO NACIONAL DE DESENVOLVIMENTO DA EDUCACAO,15000,MINISTERIO DA EDUCACAO,,1,2025-12
ES,95220,GOVERNO DO ESTADO ESPIRITO SANTO,-1,SEM INFORMACAO,,13,2025-12
ES,42207,INSTITUTO BRASILEIRO DE MUSEUS,54100,MINISTERIO DA CULTURA,,5,2025-12
ES,40701,INSTITUTO BRASILEIRO DO MEIO AMBIENTE E RECURSOS NATURAIS RENOVAVEIS,40211,MINISTERIO DO MEIO AMBIENTE,,53,2025-12
ES,44207,INSTITUTO CHICO MENDES DE CONSERVACAO DA BIODIVERSIDADE,40211,MINISTERIO DO MEIO AMBIENTE,,38,2025-12
ES,24204,INSTITUTO DO PATRIMONIO HISTORICO E ARTISTICO NACIONAL,54100,MINISTERIO DA CULTURA,,13,2025-12
ES,26417,INSTITUTO FEDERAL DA PARAIBA,15000,MINISTERIO DA EDUCACAO,,4,2025-12
ES,26406,INSTITUTO FEDERAL DO ESPIRITO SANTO,15000,MINISTERIO DA EDUCACAO,IF,2928,2025-12
ES,26412,INSTITUTO FEDERAL DO SUL DE MINAS GERAIS,15000,MINISTERIO DA EDUCACAO,IF,1,2025-12
ES,30204,INSTITUTO NACIONAL DA PROPRIEDADE INDUSTRIAL,17400,MIN DESENVOLV IND COMERCIO E SERVICOS,,4,2025-12
ES,42201,INSTITUTO NACIONAL DE COLONIZACAO E REFORMA AGRARIA,13100,MIN DO DESENV AGR E AGRIC FAMILIAR,,57,2025-12
ES,57202,INSTITUTO NACIONAL DO SEGURO SOCIAL,33100,MINISTERIO DA PREVIDENCIA SOCIAL,INSS,250,2025-12
ES,13100,MIN DO DESENV AGR E AGRIC FAMILIAR,-1,SEM INFORMACAO,,6,2025-12
ES,17500,MIN GESTAO E INOV EM SERV PUBLICOS,-1,SEM INFORMACAO,,50,2025-12
ES,13300,MINISTERIO DA AGRICULTURA E PECUARIA,-1,SEM INFORMACAO,,70,2025-12
ES,40108,"MINISTERIO DA CIENCIA, TECNOLOGIA, INOVACOES E COMUNICACOES",-1,SEM INFORMACAO,,35,2025-12
ES,17600,MINISTERIO DA FAZENDA,-1,SEM INFORMACAO,FAZ,225,2025-12
ES,13200,MINISTERIO DA PESCA E AQUICULTURA,-1,SEM INFORMACAO,,2,2025-12
ES,33100,MINISTERIO DA PREVIDENCIA SOCIAL,-1,SEM INFORMACAO,,110,2025-12
ES,25000,MINISTERIO DA SAUDE,-1,SEM INFORMACAO,,59,2025-12
ES,33200,MINISTERIO DO TRABALHO E EMPREGO,-1,SEM INFORMACAO,,106,2025-12
ES,99045,PREFEITURA MUNICIPAL DE VITORIA - ES,-1,SEM INFORMACAO,,2,2025-12
ES,26282,UNIVERSIDADE FEDERAL DE VICOSA - MG,15000,MINISTERIO DA EDUCACAO,UNIV,1,2025-12
ES,26234,UNIVERSIDADE FEDERAL DO ESPIRITO SANTO,15000,MINISTERIO DA EDUCACAO,UNIV,3547,2025-12
ES,26273,UNIVERSIDADE FEDERAL DO RIO GRANDE - RS,15000,MINISTERIO DA EDUCACAO,UNIV,1,2025-12
ES,26254,UNIVERSIDADE FEDERAL DO TRIANGULO MINEIRO,15000,MINISTERIO DA EDUCACAO,UNIV,2,2025-12
GO,40116,ADVOCACIA-GERAL DA UNIAO,-1,SEM INFORMACAO,,150,2025-12
GO,32396,AGENCIA NACIONAL DE MINERACAO,32000,MINISTERIO DE MINAS E ENERGIA,,10,2025-12
GO,41231,AGENCIA NACIONAL DE TELECOMUNICACOES,40108,"MINISTERIO DA CIENCIA, TECNOLOGIA, INOVACOES E COMUNICACOES",,31,2025-12
GO,39250,AGENCIA NACIONAL DE TRANSPORTES TERRESTRES,49200,MINISTERIO DOS TRANSPORTES,,9,2025-12
GO,36207,AGENCIA NACIONAL DE VIGILANCIA SANITARIA,25000,MINISTERIO DA SAUDE,,22,2025-12
GO,21000,COMANDO DA AERONAUTICA,40115,MINISTERIO DA DEFESA,,12,2025-12
GO,16000,COMANDO DO EXERCITO,40115,MINISTERIO DA DEFESA,,8,2025-12
GO,40301,COMISSAO NACIONAL DE ENERGIA NUCLEAR,40108,"MINISTERIO DA CIENCIA, TECNOLOGIA, INOVACOES E COMUNICACOES",,12,2025-12
GO,59000,CONTROLADORIA-GERAL DA UNIAO,-1,SEM INFORMACAO,,39,2025-12
GO,37000,DEFENSORIA PUBLICA DA UNIAO,-1,SEM INFORMACAO,,9,2025-12
GO,39252,DEPARTAMENTO NACIONAL DE INFRAESTRUTURA DE TRANSPORTES,49200,MINISTERIO DOS TRANSPORTES,,90,2025-12
GO,45205,FUNDACAO INSTITUTO BRASILEIRO DE GEOGRAFIA E ESTATISTICA,17300,MINISTERIO DO PLANEJAMENTO E ORCAMENTO,IBGE,99,2025-12
GO,36205,FUNDACAO NACIONAL DE SAUDE,25000,MINISTERIO DA SAUDE,,26,2025-12
GO,30202,FUNDACAO NACIONAL DO INDIO,17200,MINISTERIO DOS POVOS INDIGENAS,,14,2025-12
GO,26271,FUNDACAO UNIVERSIDADE DE BRASILIA,15000,MINISTERIO DA EDUCACAO,UNIV,12,2025-12
GO,97320,GOVERNO DO ESTADO DE GOIAS,-1,SEM INFORMACAO,,17,2025-12
GO,42207,INSTITUTO BRASILEIRO DE MUSEUS,54100,MINISTERIO DA CULTURA,,4,2025-12
GO,40701,INSTITUTO BRASILEIRO DO MEIO AMBIENTE E RECURSOS NATURAIS RENOVAVEIS,40211,MINISTERIO DO MEIO AMBIENTE,,84,2025-12
GO,44207,INSTITUTO CHICO MENDES DE CONSERVACAO DA BIODIVERSIDADE,40211,MINISTERIO DO MEIO AMBIENTE,,56,2025-12
GO,24204,INSTITUTO DO PATRIMONIO HISTORICO E ARTISTICO NACIONAL,54100,MINISTERIO DA CULTURA,,20,2025-12
GO,26428,INSTITUTO FEDERAL DE BRASILIA,15000,MINISTERIO DA EDUCACAO,IF,1,2025-12
GO,26429,INSTITUTO FEDERAL DE GOIAS,15000,MINISTERIO DA EDUCACAO,IF,1999,2025-12
GO,26407,INSTITUTO FEDERAL GOIANO,15000,MINISTERIO DA EDUCACAO,,1211,2025-12
GO,42201,INSTITUTO NACIONAL DE COLONIZACAO E REFORMA AGRARIA,13100,MIN DO DESENV AGR E AGRIC FAMILIAR,,70,2025-12
GO,30203,"INSTITUTO NACIONAL DE METROLOGIA, QUALIDADE E TECNOLOGIA",17400,MIN DESENVOLV IND COMERCIO E SERVICOS,,37,2025-12
GO,57202,INSTITUTO NACIONAL DO SEGURO SOCIAL,33100,MINISTERIO DA PREVIDENCIA SOCIAL,INSS,391,2025-12
GO,13100,MIN DO DESENV AGR E AGRIC FAMILIAR,-1,SEM INFORMACAO,,3,2025-12
GO,17500,MIN GESTAO E INOV EM SERV PUBLICOS,-1,SEM INFORMACAO,,52,2025-12
GO,13300,MINISTERIO DA AGRICULTURA E PECUARIA,-1,SEM INFORMACAO,,223,2025-12
GO,17600,MINISTERIO DA FAZENDA,-1,SEM INFORMACAO,FAZ,278,2025-12
GO,33100,MINISTERIO DA PREVIDENCIA SOCIAL,-1,SEM INFORMACAO,,114,2025-12
GO,25000,MINISTERIO DA SAUDE,-1,SEM INFORMACAO,,80,2025-12
GO,33200,MINISTERIO DO TRABALHO E EMPREGO,-1,SEM INFORMACAO,,116,2025-12
GO,33206,SUPERINTENDENCIA NACIONAL DE PREVIDENCIA COMPLEMENTAR,33100,MINISTERIO DA PREVIDENCIA SOCIAL,,1,2025-12
GO,26452,UNIVERSIDADE FEDERAL DE CATALAO,15000,MINISTERIO DA EDUCACAO,UNIV,499,2025-12
GO,26235,UNIVERSIDADE FEDERAL DE GOIAS,15000,MINISTERIO DA EDUCACAO,UNIV,4109,2025-12
GO,26453,UNIVERSIDADE FEDERAL DE JATAI,15000,MINISTERIO DA EDUCACAO,UNIV,417,2025-12
MA,40116,ADVOCACIA-GERAL DA UNIAO,-1,SEM INFORMACAO,,81,2025-12
MA,21300,AGENCIA ESPACIAL BRASILEIRA,40108,"MINISTERIO DA CIENCIA, TECNOLOGIA, INOVACOES E COMUNICACOES",,3,2025-12
MA,32396,AGENCIA NACIONAL DE MINERACAO,32000,MINISTERIO DE MINAS E ENERGIA,,3,2025-12
MA,41231,AGENCIA NACIONAL DE TELECOMUNICACOES,40108,"MINISTERIO DA CIENCIA, TECNOLOGIA, INOVACOES E COMUNICACOES",,9,2025-12
MA,39251,AGENCIA NACIONAL DE TRANSPORTES AQUAVIARIOS,49100,MINISTERIO DE PORTOS E AEROPORTOS,,7,2025-12
MA,39250,AGENCIA NACIONAL DE TRANSPORTES TERRESTRES,49200,MINISTERIO DOS TRANSPORTES,,9,2025-12
MA,36207,AGENCIA NACIONAL DE VIGILANCIA SANITARIA,25000,MINISTERIO DA SAUDE,,7,2025-12
MA,32300,"AGENCIA NACIONAL DO PETROLEO, GAS NATURAL E BIOCOMBUSTIVEIS",32000,MINISTERIO DE MINAS E ENERGIA,,1,2025-12
MA,21000,COMANDO DA AERONAUTICA,40115,MINISTERIO DA DEFESA,,58,2025-12
MA,70000,COMANDO DA MARINHA,40115,MINISTERIO DA DEFESA,,6,2025-12
MA,16000,COMANDO DO EXERCITO,40115,MINISTERIO DA DEFESA,,1,2025-12
MA,59000,CONTROLADORIA-GERAL DA UNIAO,-1,SEM INFORMACAO,,32,2025-12
MA,37000,DEFENSORIA PUBLICA DA UNIAO,-1,SEM INFORMACAO,,9,2025-12
MA,39252,DEPARTAMENTO NACIONAL DE INFRAESTRUTURA DE TRANSPORTES,49200,MINISTERIO DOS TRANSPORTES,,72,2025-12
MA,42204,DEPARTAMENTO NACIONAL DE OBRAS CONTRA AS SECAS,40100,MIN DA INTEG E DO DESENV REGIONAL,,1,2025-12
MA,26443,EMPRESA BRASILEIRA DE SERVICOS HOSPITALARES,15000,MINISTERIO DA EDUCACAO,,16,2025-12
MA,40408,FUNDACAO CULTURAL PALMARES,54100,MINISTERIO DA CULTURA,,1,2025-12
MA,45205,FUNDACAO INSTITUTO BRASILEIRO DE GEOGRAFIA E ESTATISTICA,17300,MINISTERIO DO PLANEJAMENTO E ORCAMENTO,IBGE,82,2025-12
MA,36205,FUNDACAO NACIONAL DE SAUDE,25000,MINISTERIO DA SAUDE,,53,2025-12
MA,30202,FUNDACAO NACIONAL DO INDIO,17200,MINISTERIO DOS POVOS INDIGENAS,,69,2025-12
MA,26272,FUNDACAO UNIVERSIDADE FEDERAL DO MARANHAO,15000,MINISTERIO DA EDUCACAO,UNIV,3372,2025-12
MA,00157,GOVERNO DO ESTADO DO MARANHAO,-1,SEM INFORMACAO,,90,2025-12
MA,42207,INSTITUTO BRASILEIRO DE MUSEUS,54100,MINISTERIO DA CULTURA,,5,2025-12
MA,40701,INSTITUTO BRASILEIRO DO MEIO AMBIENTE E RECURSOS NATURAIS RENOVAVEIS,40211,MINISTERIO DO MEIO AMBIENTE,,78,2025-12
MA,44207,INSTITUTO CHICO MENDES DE CONSERVACAO DA BIODIVERSIDADE,40211,MINISTERIO DO MEIO AMBIENTE,,57,2025-12
MA,24204,INSTITUTO DO PATRIMONIO HISTORICO E ARTISTICO NACIONAL,54100,MINISTERIO DA CULTURA,,29,2025-12
MA,26408,INSTITUTO FEDERAL DO MARANHAO,15000,MINISTERIO DA EDUCACAO,IF,3119,2025-12
MA,42201,INSTITUTO NACIONAL DE COLONIZACAO E REFORMA AGRARIA,13100,MIN DO DESENV AGR E AGRIC FAMILIAR,,142,2025-12
MA,57202,INSTITUTO NACIONAL DO SEGURO SOCIAL,33100,MINISTERIO DA PREVIDENCIA SOCIAL,INSS,472,2025-12
MA,13100,MIN DO DESENV AGR E AGRIC FAMILIAR,-1,SEM INFORMACAO,,2,2025-12
MA,17500,MIN GESTAO E INOV EM SERV PUBLICOS,-1,SEM INFORMACAO,,40,2025-12
MA,13300,MINISTERIO DA AGRICULTURA E PECUARIA,-1,SEM INFORMACAO,,37,2025-12
MA,17600,MINISTERIO DA FAZENDA,-1,SEM INFORMACAO,FAZ,94,2025-12
MA,13200,MINISTERIO DA PESCA E AQUICULTURA,-1,SEM INFORMACAO,,2,2025-12
MA,33100,MINISTERIO DA PREVIDENCIA SOCIAL,-1,SEM INFORMACAO,,92,2025-12
MA,25000,MINISTERIO DA SAUDE,-1,SEM INFORMACAO,,146,2025-12
MA,35000,MINISTERIO DAS RELACOES EXTERIORES,-1,SEM INFORMACAO,,5,2025-12
MA,33200,MINISTERIO DO TRABALHO E EMPREGO,-1,SEM INFORMACAO,,105,2025-12
MA,99132,PREFEITURA DE SAO LUIS - MA,-1,SEM INFORMACAO,,3,2025-12
MA,26246,UNIVERSIDADE FEDERAL DE SANTA CATARINA,15000,MINISTERIO DA EDUCACAO,UNIV,1,2025-12
MG,40116,ADVOCACIA-GERAL DA UNIAO,-1,SEM INFORMACAO,,338,2025-12
MG,52201,AGENCIA NACIONAL DE AVIACAO CIVIL,49100,MINISTERIO DE PORTOS E AEROPORTOS,,7,2025-12
MG,32396,AGENCIA NACIONAL DE MINERACAO,32000,MINISTERIO DE MINAS E ENERGIA,,57,2025-12
MG,36208,AGENCIA NACIONAL DE SAUDE SUPLEMENTAR,25000,MINISTERIO DA SAUDE,,23,2025-12
MG,41231,AGENCIA NACIONAL DE TELECOMUNICACOES,40108,"MINISTERIO DA CIENCIA, TECNOLOGIA, INOVACOES E COMUNICACOES",,63,2025-12
MG,39250,AGENCIA NACIONAL DE TRANSPORTES TERRESTRES,49200,MINISTERIO DOS TRANSPORTES,,34,2025-12
MG,36207,AGENCIA NACIONAL DE VIGILANCIA SANITARIA,25000,MINISTERIO DA SAUDE,,17,2025-12
MG,32300,"AGENCIA NACIONAL DO PETROLEO, GAS NATURAL E BIOCOMBUSTIVEIS",32000,MINISTERIO DE MINAS E ENERGIA,,3,2025-12
MG,00160,ASSEMBLEIA LEGISLATIVA - MINAS GERAIS,-1,SEM INFORMACAO,,1,2025-12
MG,26256,CENTRO FEDERAL DE EDUCACAO TECNOLOGICA CELSO SUCKOW DA FONSECA,15000,MINISTERIO DA EDUCACAO,IF,10,2025-12
MG,26257,CENTRO FEDERAL DE EDUCACAO TECNOLOGICA DE MINAS GERAIS,15000,MINISTERIO DA EDUCACAO,IF,1620,2025-12
MG,21000,COMANDO DA AERONAUTICA,40115,MINISTERIO DA DEFESA,,42,2025-12
MG,16000,COMANDO DO EXERCITO,40115,MINISTERIO DA DEFESA,,195,2025-12
MG,40301,COMISSAO NACIONAL DE ENERGIA NUCLEAR,40108,"MINISTERIO DA CIENCIA, TECNOLOGIA, INOVACOES E COMUNICACOES",,154,2025-12
MG,99010,COMPANHIA DE PESQUISA DE RECURSOS MINERAIS,32000,MINISTERIO DE MINAS E ENERGIA,,1,2025-12
MG,59000,CONTROLADORIA-GERAL DA UNIAO,-1,SEM INFORMACAO,,42,2025-12
MG,37000,DEFENSORIA PUBLICA DA UNIAO,-1,SEM INFORMACAO,,38,2025-12
MG,39252,DEPARTAMENTO NACIONAL DE INFRAESTRUTURA DE TRANSPORTES,49200,MINISTERIO DOS TRANSPORTES,,185,2025-12
MG,42204,DEPARTAMENTO NACIONAL DE OBRAS CONTRA AS SECAS,40100,MIN DA INTEG E DO DESENV REGIONAL,,6,2025-12
MG,26443,EMPRESA BRASILEIRA DE SERVICOS HOSPITALARES,15000,MINISTERIO DA EDUCACAO,,40,2025-12
MG,45205,FUNDACAO INSTITUTO BRASILEIRO DE GEOGRAFIA E ESTATISTICA,17300,MINISTERIO DO PLANEJAMENTO E ORCAMENTO,IBGE,267,2025-12
MG,57201,"FUNDACAO JORGE DUPRAT FIGUEIREDO, DE SEGURANCA E MEDICINA DO TRABALHO",33200,MINISTERIO DO TRABALHO E EMPREGO,,5,2025-12
MG,24203,FUNDACAO NACIONAL DE ARTES,54100,MINISTERIO DA CULTURA,,6,2025-12
MG,36205,FUNDACAO NACIONAL DE SAUDE,25000,MINISTERIO DA SAUDE,,28,2025-12
MG,30202,FUNDACAO NACIONAL DO INDIO,17200,MINISTERIO DOS POVOS INDIGENAS,,13,2025-12
MG,36201,FUNDACAO OSWALDO CRUZ,25000,MINISTERIO DA SAUDE,,151,2025-12
MG,26271,FUNDACAO UNIVERSIDADE DE BRASILIA,15000,MINISTERIO DA EDUCACAO,UNIV,3,2025-12
MG,26277,FUNDACAO UNIVERSIDADE FEDERAL DE OURO PRETO,15000,MINISTERIO DA EDUCACAO,UNIV,1640,2025-12
MG,26285,FUNDACAO UNIVERSIDADE FEDERAL DE SAO JOAO DEL-REI,15000,MINISTERIO DA EDUCACAO,UNIV,1377,2025-12
MG,26274,FUNDACAO UNIVERSIDADE FEDERAL UBERLANDIA,15000,MINISTERIO DA EDUCACAO,UNIV,4638,2025-12
MG,95120,GOVERNO DO ESTADO DE MINAS GERAIS,-1,SEM INFORMACAO,,22,2025-12
MG,42207,INSTITUTO BRASILEIRO DE MUSEUS,54100,MINISTERIO DA CULTURA,,31,2025-12
MG,40701,INSTITUTO BRASILEIRO DO MEIO AMBIENTE E RECURSOS NATURAIS RENOVAVEIS,40211,MINISTERIO DO MEIO AMBIENTE,,96,2025-12
MG,44207,INSTITUTO CHICO MENDES DE CONSERVACAO DA BIODIVERSIDADE,40211,MINISTERIO DO MEIO AMBIENTE,,84,2025-12
MG,24204,INSTITUTO DO PATRIMONIO HISTORICO E ARTISTICO NACIONAL,54100,MINISTERIO DA CULTURA,,62,2025-12
MG,26409,INSTITUTO FEDERAL DE MINAS GERAIS,15000,MINISTERIO DA EDUCACAO,IF,1915,2025-12
MG,26410,INSTITUTO FEDERAL DO NORTE DE MINAS GERAIS,15000,MINISTERIO DA EDUCACAO,IF,1364,2025-12
MG,26411,INSTITUTO FEDERAL DO SUDESTE DE MINAS GERAIS,15000,MINISTERIO DA EDUCACAO,IF,1269,2025-12
MG,26412,INSTITUTO FEDERAL DO SUL DE MINAS GERAIS,15000,MINISTERIO DA EDUCACAO,IF,1163,2025-12
MG,26413,INSTITUTO FEDERAL DO TRIANGULO MINEIRO,15000,MINISTERIO DA EDUCACAO,IF,968,2025-12
MG,30204,INSTITUTO NACIONAL DA PROPRIEDADE INDUSTRIAL,17400,MIN DESENVOLV IND COMERCIO E SERVICOS,,7,2025-12
MG,42201,INSTITUTO NACIONAL DE COLONIZACAO E REFORMA AGRARIA,13100,MIN DO DESENV AGR E AGRIC FAMILIAR,,92,2025-12
MG,57202,INSTITUTO NACIONAL DO SEGURO SOCIAL,33100,MINISTERIO DA PREVIDENCIA SOCIAL,INSS,1726,2025-12
MG,13100,MIN DO DESENV AGR E AGRIC FAMILIAR,-1,SEM INFORMACAO,,6,2025-12
MG,17500,MIN GESTAO E INOV EM SERV PUBLICOS,-1,SEM INFORMACAO,,91,2025-12
MG,13300,MINISTERIO DA AGRICULTURA E PECUARIA,-1,SEM INFORMACAO,,439,2025-12
MG,40108,"MINISTERIO DA CIENCIA, TECNOLOGIA, INOVACOES E COMUNICACOES",-1,SEM INFORMACAO,,60,2025-12
MG,17600,MINISTERIO DA FAZENDA,-1,SEM INFORMACAO,FAZ,1469,2025-12
MG,13200,MINISTERIO DA PESCA E AQUICULTURA,-1,SEM INFORMACAO,,4,2025-12
MG,33100,MINISTERIO DA PREVIDENCIA SOCIAL,-1,SEM INFORMACAO,,380,2025-12
MG,25000,MINISTERIO DA SAUDE,-1,SEM INFORMACAO,,258,2025-12
MG,35000,MINISTERIO DAS RELACOES EXTERIORES,-1,SEM INFORMACAO,,3,2025-12
MG,40211,MINISTERIO DO MEIO AMBIENTE,-1,SEM INFORMACAO,,4,2025-12
MG,33200,MINISTERIO DO TRABALHO E EMPREGO,-1,SEM INFORMACAO,,573,2025-12
MG,33206,SUPERINTENDENCIA NACIONAL DE PREVIDENCIA COMPLEMENTAR,33100,MINISTERIO DA PREVIDENCIA SOCIAL,,5,2025-12
MG,26440,UNIVERSIDADE FEDERAL DA FRONTEIRA SUL,15000,MINISTERIO DA EDUCACAO,UNIV,140,2025-12
MG,26260,UNIVERSIDADE FEDERAL DE ALFENAS - MG,15000,MINISTERIO DA EDUCACAO,UNIV,907,2025-12
MG,26252,UNIVERSIDADE FEDERAL DE CAMPINA GRANDE - PB,15000,MINISTERIO DA EDUCACAO,UNIV,4,2025-12
MG,26261,UNIVERSIDADE FEDERAL DE ITAJUBA - MG,15000,MINISTERIO DA EDUCACAO,UNIV,931,2025-12
MG,26237,UNIVERSIDADE FEDERAL DE JUIZ DE FORA - MG,15000,MINISTERIO DA EDUCACAO,UNIV,3079,2025-12
MG,26263,UNIVERSIDADE FEDERAL DE LAVRAS - MG,15000,MINISTERIO DA EDUCACAO,UNIV,1398,2025-12
MG,26238,UNIVERSIDADE FEDERAL DE MINAS GERAIS,15000,MINISTERIO DA EDUCACAO,UNIV,6973,2025-12
MG,26282,UNIVERSIDADE FEDERAL DE VICOSA - MG,15000,MINISTERIO DA EDUCACAO,UNIV,2747,2025-12
MG,26447,UNIVERSIDADE FEDERAL DO OESTE DA BAHIA,15000,MINISTERIO DA EDUCACAO,UNIV,1,2025-12
MG,26254,UNIVERSIDADE FEDERAL DO TRIANGULO MINEIRO,15000,MINISTERIO DA EDUCACAO,UNIV,1710,2025-12
MG,26255,UNIVERSIDADE FEDERAL DOS VALES DO JEQUITINHONHA E MUCURI,15000,MINISTERIO DA EDUCACAO,UNIV,1466,2025-12
MG,26253,UNIVERSIDADE FEDERAL RURAL DA AMAZONIA,15000,MINISTERIO DA EDUCACAO,UNIV,1,2025-12
MS,40116,ADVOCACIA-GERAL DA UNIAO,-1,SEM INFORMACAO,,68,2025-12
MS,32396,AGENCIA NACIONAL DE MINERACAO,32000,MINISTERIO DE MINAS E ENERGIA,,5,2025-12
MS,41231,AGENCIA NACIONAL DE TELECOMUNICACOES,40108,"MINISTERIO DA CIENCIA, TECNOLOGIA, INOVACOES E COMUNICACOES",,8,2025-12
MS,39250,AGENCIA NACIONAL DE TRANSPORTES TERRESTRES,49200,MINISTERIO DOS TRANSPORTES,,3,2025-12
MS,36207,AGENCIA NACIONAL DE VIGILANCIA SANITARIA,25000,MINISTERIO DA SAUDE,,8,2025-12
MS,21000,COMANDO DA AERONAUTICA,40115,MINISTERIO DA DEFESA,,1,2025-12
MS,70000,COMANDO DA MARINHA,40115,MINISTERIO DA DEFESA,,9,2025-12
MS,16000,COMANDO DO EXERCITO,40115,MINISTERIO DA DEFESA,,88,2025-12
MS,59000,CONTROLADORIA-GERAL DA UNIAO,-1,SEM INFORMACAO,,18,2025-12
MS,37000,DEFENSORIA PUBLICA DA UNIAO,-1,SEM INFORMACAO,,9,2025-12
MS,39252,DEPARTAMENTO NACIONAL DE INFRAESTRUTURA DE TRANSPORTES,49200,MINISTERIO DOS TRANSPORTES,,67,2025-12
MS,26443,EMPRESA BRASILEIRA DE SERVICOS HOSPITALARES,15000,MINISTERIO DA EDUCACAO,,11,2025-12
MS,45205,FUNDACAO INSTITUTO BRASILEIRO DE GEOGRAFIA E ESTATISTICA,17300,MINISTERIO DO PLANEJAMENTO E ORCAMENTO,IBGE,69,2025-12
MS,36205,FUNDACAO NACIONAL DE SAUDE,25000,MINISTERIO DA SAUDE,,17,2025-12
MS,30202,FUNDACAO NACIONAL DO INDIO,17200,MINISTERIO DOS POVOS INDIGENAS,,54,2025-12
MS,36201,FUNDACAO OSWALDO CRUZ,25000,MINISTERIO DA SAUDE,,21,2025-12
MS,26350,FUNDACAO UNIVERSIDADE FEDERAL DA GRANDE DOURADOS,15000,MINISTERIO DA EDUCACAO,UNIV,1502,2025-12
MS,97120,GOVERNO DO ESTADO DO MATO GROSSO DO SUL,-1,SEM INFORMACAO,,13,2025-12
MS,40701,INSTITUTO BRASILEIRO DO MEIO AMBIENTE E RECURSOS NATURAIS RENOVAVEIS,40211,MINISTERIO DO MEIO AMBIENTE,,65,2025-12
MS,44207,INSTITUTO CHICO MENDES DE CONSERVACAO DA BIODIVERSIDADE,40211,MINISTERIO DO MEIO AMBIENTE,,5,2025-12
MS,24204,INSTITUTO DO PATRIMONIO HISTORICO E ARTISTICO NACIONAL,54100,MINISTERIO DA CULTURA,,13,2025-12
MS,26415,INSTITUTO FEDERAL DE MATO GROSSO DO SUL,15000,MINISTERIO DA EDUCACAO,IF,1176,2025-12
MS,42201,INSTITUTO NACIONAL DE COLONIZACAO E REFORMA AGRARIA,13100,MIN DO DESENV AGR E AGRIC FAMILIAR,,87,2025-12
MS,57202,INSTITUTO NACIONAL DO SEGURO SOCIAL,33100,MINISTERIO DA PREVIDENCIA SOCIAL,INSS,207,2025-12
MS,13100,MIN DO DESENV AGR E AGRIC FAMILIAR,-1,SEM INFORMACAO,,2,2025-12
MS,17500,MIN GESTAO E INOV EM SERV PUBLICOS,-1,SEM INFORMACAO,,36,2025-12
MS,13300,MINISTERIO DA AGRICULTURA E PECUARIA,-1,SEM INFORMACAO,,147,2025-12
MS,17600,MINISTERIO DA FAZENDA,-1,SEM INFORMACAO,FAZ,240,2025-12
MS,33100,MINISTERIO DA PREVIDENCIA SOCIAL,-1,SEM INFORMACAO,,127,2025-12
MS,25000,MINISTERIO DA SAUDE,-1,SEM INFORMACAO,,62,2025-12
MS,33200,MINISTERIO DO TRABALHO E EMPREGO,-1,SEM INFORMACAO,,52,2025-12
MS,26283,UNIVERSIDADE FEDERAL DE MATO GROSSO DO SUL,15000,MINISTERIO DA EDUCACAO,UNIV,3113,2025-12
MT,40116,ADVOCACIA-GERAL DA UNIAO,-1,SEM INFORMACAO,,46,2025-12
MT,32396,AGENCIA NACIONAL DE MINERACAO,32000,MINISTERIO DE MINAS E ENERGIA,,19,2025-12
MT,36208,AGENCIA NACIONAL DE SAUDE SUPLEMENTAR,25000,MINISTERIO DA SAUDE,,5,2025-12
MT,41231,AGENCIA NACIONAL DE TELECOMUNICACOES,40108,"MINISTERIO DA CIENCIA, TECNOLOGIA, INOVACOES E COMUNICACOES",,9,2025-12
MT,39250,AGENCIA NACIONAL DE TRANSPORTES TERRESTRES,49200,MINISTERIO DOS TRANSPORTES,,4,2025-12
MT,36207,AGENCIA NACIONAL DE VIGILANCIA SANITARIA,25000,MINISTERIO DA SAUDE,,3,2025-12
MT,21000,COMANDO DA AERONAUTICA,40115,MINISTERIO DA DEFESA,,1,2025-12
MT,16000,COMANDO DO EXERCITO,40115,MINISTERIO DA DEFESA,,9,2025-12
MT,59000,CONTROLADORIA-GERAL DA UNIAO,-1,SEM INFORMACAO,,18,2025-12
MT,37000,DEFENSORIA PUBLICA DA UNIAO,-1,SEM INFORMACAO,,2,2025-12
MT,39252,DEPARTAMENTO NACIONAL DE INFRAESTRUTURA DE TRANSPORTES,49200,MINISTERIO DOS TRANSPORTES,,48,2025-12
MT,22202,EMPRESA BRASILEIRA DE PESQUISA AGROPECUARIA,13300,MINISTERIO DA AGRICULTURA E PECUARIA,,1,2025-12
MT,45205,FUNDACAO INSTITUTO BRASILEIRO DE GEOGRAFIA E ESTATISTICA,17300,MINISTERIO DO PLANEJAMENTO E ORCAMENTO,IBGE,53,2025-12
MT,36205,FUNDACAO NACIONAL DE SAUDE,25000,MINISTERIO DA SAUDE,,17,2025-12
MT,30202,FUNDACAO NACIONAL DO INDIO,17200,MINISTERIO DOS POVOS INDIGENAS,,110,2025-12
MT,97220,GOVERNO DO ESTADO DE MATO GROSSO,-1,SEM INFORMACAO,,3,2025-12
MT,40701,INSTITUTO BRASILEIRO DO MEIO AMBIENTE E RECURSOS NATURAIS RENOVAVEIS,40211,MINISTERIO DO MEIO AMBIENTE,,108,2025-12
MT,44207,INSTITUTO CHICO MENDES DE CONSERVACAO DA BIODIVERSIDADE,40211,MINISTERIO DO MEIO AMBIENTE,,15,2025-12
MT,24204,INSTITUTO DO PATRIMONIO HISTORICO E ARTISTICO NACIONAL,54100,MINISTERIO DA CULTURA,,14,2025-12
MT,26417,INSTITUTO FEDERAL DA PARAIBA,15000,MINISTERIO DA EDUCACAO,,8,2025-12
MT,26414,INSTITUTO FEDERAL DE MATO GROSSO,15000,MINISTERIO DA EDUCACAO,IF,1961,2025-12
MT,42201,INSTITUTO NACIONAL DE COLONIZACAO E REFORMA AGRARIA,13100,MIN DO DESENV AGR E AGRIC FAMILIAR,,120,2025-12
MT,57202,INSTITUTO NACIONAL DO SEGURO SOCIAL,33100,MINISTERIO DA PREVIDENCIA SOCIAL,INSS,230,2025-12
MT,13100,MIN DO DESENV AGR E AGRIC FAMILIAR,-1,SEM INFORMACAO,,2,2025-12
MT,17500,MIN GESTAO E INOV EM SERV PUBLICOS,-1,SEM INFORMACAO,,26,2025-12
MT,13300,MINISTERIO DA AGRICULTURA E PECUARIA,-1,SEM INFORMACAO,,116,2025-12
MT,40108,"MINISTERIO DA CIENCIA, TECNOLOGIA, INOVACOES E COMUNICACOES",-1,SEM INFORMACAO,,3,2025-12
MT,17600,MINISTERIO DA FAZENDA,-1,SEM INFORMACAO,FAZ,118,2025-12
MT,13200,MINISTERIO DA PESCA E AQUICULTURA,-1,SEM INFORMACAO,,1,2025-12
MT,33100,MINISTERIO DA PREVIDENCIA SOCIAL,-1,SEM INFORMACAO,,3,2025-12
MT,25000,MINISTERIO DA SAUDE,-1,SEM INFORMACAO,,79,2025-12
MT,33200,MINISTERIO DO TRABALHO E EMPREGO,-1,SEM INFORMACAO,,87,2025-12
MT,33206,SUPERINTENDENCIA NACIONAL DE PREVIDENCIA COMPLEMENTAR,33100,MINISTERIO DA PREVIDENCIA SOCIAL,,1,2025-12
MT,26276,UNIVERSIDADE FEDERAL DE MATO GROSSO,15000,MINISTERIO DA EDUCACAO,UNIV,2828,2025-12
MT,26454,UNIVERSIDADE FEDERAL DE RONDONOPOLIS,15000,MINISTERIO DA EDUCACAO,UNIV,461,2025-12
PA,40116,ADVOCACIA-GERAL DA UNIAO,-1,SEM INFORMACAO,,102,2025-12
PA,44205,AGENCIA NACIONAL DE AGUAS,40211,MINISTERIO DO MEIO AMBIENTE,,2,2025-12
PA,32200,AGENCIA NACIONAL DE ENERGIA ELETRICA,32000,MINISTERIO DE MINAS E ENERGIA,,1,2025-12
PA,32396,AGENCIA NACIONAL DE MINERACAO,32000,MINISTERIO DE MINAS E ENERGIA,,28,2025-12
PA,36208,AGENCIA NACIONAL DE SAUDE SUPLEMENTAR,25000,MINISTERIO DA SAUDE,,11,2025-12
PA,41231,AGENCIA NACIONAL DE TELECOMUNICACOES,40108,"MINISTERIO DA CIENCIA, TECNOLOGIA, INOVACOES E COMUNICACOES",,18,2025-12
PA,39251,AGENCIA NACIONAL DE TRANSPORTES AQUAVIARIOS,49100,MINISTERIO DE PORTOS E AEROPORTOS,,8,2025-12
PA,39250,AGENCIA NACIONAL DE TRANSPORTES TERRESTRES,49200,MINISTERIO DOS TRANSPORTES,,4,2025-12
PA,36207,AGENCIA NACIONAL DE VIGILANCIA SANITARIA,25000,MINISTERIO DA SAUDE,,13,2025-12
PA,32300,"AGENCIA NACIONAL DO PETROLEO, GAS NATURAL E BIOCOMBUSTIVEIS",32000,MINISTERIO DE MINAS E ENERGIA,,2,2025-12
PA,21000,COMANDO DA AERONAUTICA,40115,MINISTERIO DA DEFESA,,134,2025-12
PA,70000,COMANDO DA MARINHA,40115,MINISTERIO DA DEFESA,,125,2025-12
PA,16000,COMANDO DO EXERCITO,40115,MINISTERIO DA DEFESA,,89,2025-12
PA,59000,CONTROLADORIA-GERAL DA UNIAO,-1,SEM INFORMACAO,,44,2025-12
PA,37000,DEFENSORIA PUBLICA DA UNIAO,-1,SEM INFORMACAO,,10,2025-12
PA,39252,DEPARTAMENTO NACIONAL DE INFRAESTRUTURA DE TRANSPORTES,49200,MINISTERIO DOS TRANSPORTES,,54,2025-12
PA,45205,FUNDACAO INSTITUTO BRASILEIRO DE GEOGRAFIA E ESTATISTICA,17300,MINISTERIO DO PLANEJAMENTO E ORCAMENTO,IBGE,97,2025-12
PA,57201,"FUNDACAO JORGE DUPRAT FIGUEIREDO, DE SEGURANCA E MEDICINA DO TRABALHO",33200,MINISTERIO DO TRABALHO E EMPREGO,,3,2025-12
PA,24203,FUNDACAO NACIONAL DE ARTES,54100,MINISTERIO DA CULTURA,,2,2025-12
PA,36205,FUNDACAO NACIONAL DE SAUDE,25000,MINISTERIO DA SAUDE,,72,2025-12
PA,30202,FUNDACAO NACIONAL DO INDIO,17200,MINISTERIO DOS POVOS INDIGENAS,,87,2025-12
PA,26271,FUNDACAO UNIVERSIDADE DE BRASILIA,15000,MINISTERIO DA EDUCACAO,UNIV,1,2025-12
PA,26350,FUNDACAO UNIVERSIDADE FEDERAL DA GRANDE DOURADOS,15000,MINISTERIO DA EDUCACAO,UNIV,1,2025-12
PA,26278,FUNDACAO UNIVERSIDADE FEDERAL DE PELOTAS,15000,MINISTERIO DA EDUCACAO,UNIV,1,2025-12
PA,26285,FUNDACAO UNIVERSIDADE FEDERAL DE SAO JOAO DEL-REI,15000,MINISTERIO DA EDUCACAO,UNIV,1,2025-12
PA,26251,FUNDACAO UNIVERSIDADE FEDERAL DO TOCANTINS,15000,MINISTERIO DA EDUCACAO,UNIV,1,2025-12
PA,26106,FUNDO NACIONAL DE DESENVOLVIMENTO DA EDUCACAO,15000,MINISTERIO DA EDUCACAO,,3,2025-12
PA,93420,GOVERNO DO ESTADO DO PARA,-1,SEM INFORMACAO,,15,2025-12
PA,17800,INST NAC DE TECN DA INFORMACAO,17500,MIN GESTAO E INOV EM SERV PUBLICOS,,1,2025-12
PA,40701,INSTITUTO BRASILEIRO DO MEIO AMBIENTE E RECURSOS NATURAIS RENOVAVEIS,40211,MINISTERIO DO MEIO AMBIENTE,,173,2025-12
PA,44207,INSTITUTO CHICO MENDES DE CONSERVACAO DA BIODIVERSIDADE,40211,MINISTERIO DO MEIO AMBIENTE,,147,2025-12
PA,24204,INSTITUTO DO PATRIMONIO HISTORICO E ARTISTICO NACIONAL,54100,MINISTERIO DA CULTURA,,19,2025-12
PA,26427,INSTITUTO FEDERAL DA BAHIA,15000,MINISTERIO DA EDUCACAO,,1,2025-12
PA,26417,INSTITUTO FEDERAL DA PARAIBA,15000,MINISTERIO DA EDUCACAO,,1,2025-12
PA,26421,INSTITUTO FEDERAL DE RONDONIA,15000,MINISTERIO DA EDUCACAO,IF,1,2025-12
PA,26439,INSTITUTO FEDERAL DE SAO PAULO,15000,MINISTERIO DA EDUCACAO,IF,1,2025-12
PA,26405,INSTITUTO FEDERAL DO CEARA,15000,MINISTERIO DA EDUCACAO,IF,1,2025-12
PA,26416,INSTITUTO FEDERAL DO PARA,15000,MINISTERIO DA EDUCACAO,IF,2384,2025-12
PA,26432,INSTITUTO FEDERAL DO PARANA,15000,MINISTERIO DA EDUCACAO,IF,1,2025-12
PA,26431,INSTITUTO FEDERAL DO PIAUI,15000,MINISTERIO DA EDUCACAO,IF,1,2025-12
PA,26430,INSTITUTO FEDERAL DO SERTAO PERNAMBUCANO,15000,MINISTERIO DA EDUCACAO,IF,1,2025-12
PA,26424,INSTITUTO FEDERAL DO TOCANTINS,15000,MINISTERIO DA EDUCACAO,IF,2,2025-12
PA,42201,INSTITUTO NACIONAL DE COLONIZACAO E REFORMA AGRARIA,13100,MIN DO DESENV AGR E AGRIC FAMILIAR,,233,2025-12
PA,26107,INSTITUTO NACIONAL DE ESTUDOS E PESQUISAS EDUCACIONAIS,15000,MINISTERIO DA EDUCACAO,,2,2025-12
PA,57202,INSTITUTO NACIONAL DO SEGURO SOCIAL,33100,MINISTERIO DA PREVIDENCIA SOCIAL,INSS,450,2025-12
PA,40100,MIN DA INTEG E DO DESENV REGIONAL,-1,SEM INFORMACAO,,14,2025-12
PA,17400,MIN DESENVOLV IND COMERCIO E SERVICOS,-1,SEM INFORMACAO,,2,2025-12
PA,13100,MIN DO DESENV AGR E AGRIC FAMILIAR,-1,SEM INFORMACAO,,4,2025-12
PA,17500,MIN GESTAO E INOV EM SERV PUBLICOS,-1,SEM INFORMACAO,,76,2025-12
PA,13300,MINISTERIO DA AGRICULTURA E PECUARIA,-1,SEM INFORMACAO,,223,2025-12
PA,40108,"MINISTERIO DA CIENCIA, TECNOLOGIA, INOVACOES E COMUNICACOES",-1,SEM INFORMACAO,,161,2025-12
PA,54100,MINISTERIO DA CULTURA,-1,SEM INFORMACAO,,1,2025-12
PA,40115,MINISTERIO DA DEFESA,-1,SEM INFORMACAO,,24,2025-12
PA,15000,MINISTERIO DA EDUCACAO,-1,SEM INFORMACAO,,3,2025-12
PA,17600,MINISTERIO DA FAZENDA,-1,SEM INFORMACAO,FAZ,471,2025-12
PA,81300,MINISTERIO DA IGUALDADE RACIAL,-1,SEM INFORMACAO,,3,2025-12
PA,33100,MINISTERIO DA PREVIDENCIA SOCIAL,-1,SEM INFORMACAO,,113,2025-12
PA,25000,MINISTERIO DA SAUDE,-1,SEM INFORMACAO,,526,2025-12
PA,35000,MINISTERIO DAS RELACOES EXTERIORES,-1,SEM INFORMACAO,,3,2025-12
PA,40211,MINISTERIO DO MEIO AMBIENTE,-1,SEM INFORMACAO,,9,2025-12
PA,17300,MINISTERIO DO PLANEJAMENTO E ORCAMENTO,-1,SEM INFORMACAO,,1,2025-12
PA,33200,MINISTERIO DO TRABALHO E EMPREGO,-1,SEM INFORMACAO,,130,2025-12
PA,20101,PRESIDENCIA DA REPUBLICA,-1,SEM INFORMACAO,,9,2025-12
PA,53202,SUPERINTENDENCIA DO DESENVOLVIMENTO DA AMAZONIA,40100,MIN DA INTEG E DO DESENV REGIONAL,,66,2025-12
PA,26440,UNIVERSIDADE FEDERAL DA FRONTEIRA SUL,15000,MINISTERIO DA EDUCACAO,UNIV,1,2025-12
PA,26284,UNIVERSIDADE FEDERAL DE CIENCIAS DA SAUDE DE PORTO ALEGRE,15000,MINISTERIO DA EDUCACAO,UNIV,1,2025-12
PA,26235,UNIVERSIDADE FEDERAL DE GOIAS,15000,MINISTERIO DA EDUCACAO,UNIV,1,2025-12
PA,26238,UNIVERSIDADE FEDERAL DE MINAS GERAIS,15000,MINISTERIO DA EDUCACAO,UNIV,2,2025-12
PA,26280,UNIVERSIDADE FEDERAL DE SAO CARLOS - SP,15000,MINISTERIO DA EDUCACAO,UNIV,1,2025-12
PA,26234,UNIVERSIDADE FEDERAL DO ESPIRITO SANTO,15000,MINISTERIO DA EDUCACAO,UNIV,2,2025-12
PA,26441,UNIVERSIDADE FEDERAL DO OESTE DO PARA,15000,MINISTERIO DA EDUCACAO,UNIV,1084,2025-12
PA,26239,UNIVERSIDADE FEDERAL DO PARA,15000,MINISTERIO DA EDUCACAO,UNIV,5092,2025-12
PA,26351,UNIVERSIDADE FEDERAL DO RECONCAVO DA BAHIA,15000,MINISTERIO DA EDUCACAO,UNIV,1,2025-12
PA,26245,UNIVERSIDADE FEDERAL DO RIO DE JANEIRO,15000,MINISTERIO DA EDUCACAO,UNIV,1,2025-12
PA,26448,UNIVERSIDADE FEDERAL DO SUL E SUDESTE DO PARA,15000,MINISTERIO DA EDUCACAO,UNIV,770,2025-12
PA,26236,UNIVERSIDADE FEDERAL FLUMINENSE - RJ,15000,MINISTERIO DA EDUCACAO,UNIV,17,2025-12
PA,26253,UNIVERSIDADE FEDERAL RURAL DA AMAZONIA,15000,MINISTERIO DA EDUCACAO,UNIV,950,2025-12
PA,26248,UNIVERSIDADE FEDERAL RURAL DE PERNAMBUCO,15000,MINISTERIO DA EDUCACAO,UNIV,1,2025-12
PA,26258,UNIVERSIDADE TECNOLOGICA FEDERAL DO PARANA,15000,MINISTERIO DA EDUCACAO,UNIV,1,2025-12
PB,40116,ADVOCACIA-GERAL DA UNIAO,-1,SEM INFORMACAO,,155,2025-12
PB,32396,AGENCIA NACIONAL DE MINERACAO,32000,MINISTERIO DE MINAS E ENERGIA,,1,2025-12
PB,41231,AGENCIA NACIONAL DE TELECOMUNICACOES,40108,"MINISTERIO DA CIENCIA, TECNOLOGIA, INOVACOES E COMUNICACOES",,11,2025-12
PB,39250,AGENCIA NACIONAL DE TRANSPORTES TERRESTRES,49200,MINISTERIO DOS TRANSPORTES,,5,2025-12
PB,36207,AGENCIA NACIONAL DE VIGILANCIA SANITARIA,25000,MINISTERIO DA SAUDE,,9,2025-12
PB,70000,COMANDO DA MARINHA,40115,MINISTERIO DA DEFESA,,4,2025-12
PB,16000,COMANDO DO EXERCITO,40115,MINISTERIO DA DEFESA,,33,2025-12
PB,22200,COMPANHIA NACIONAL DE ABASTECIMENTO,13100,MIN DO DESENV AGR E AGRIC FAMILIAR,,1,2025-12
PB,59000,CONTROLADORIA-GERAL DA UNIAO,-1,SEM INFORMACAO,,29,2025-12
PB,37000,DEFENSORIA PUBLICA DA UNIAO,-1,SEM INFORMACAO,,10,2025-12
PB,39252,DEPARTAMENTO NACIONAL DE INFRAESTRUTURA DE TRANSPORTES,49200,MINISTERIO DOS TRANSPORTES,,75,2025-12
PB,42204,DEPARTAMENTO NACIONAL DE OBRAS CONTRA AS SECAS,40100,MIN DA INTEG E DO DESENV REGIONAL,,31,2025-12
PB,45205,FUNDACAO INSTITUTO BRASILEIRO DE GEOGRAFIA E ESTATISTICA,17300,MINISTERIO DO PLANEJAMENTO E ORCAMENTO,IBGE,69,2025-12
PB,36205,FUNDACAO NACIONAL DE SAUDE,25000,MINISTERIO DA SAUDE,,39,2025-12
PB,30202,FUNDACAO NACIONAL DO INDIO,17200,MINISTERIO DOS POVOS INDIGENAS,,24,2025-12
PB,94520,GOVERNO DO ESTADO DA PARAIBA,-1,SEM INFORMACAO,,7,2025-12
PB,36210,HOSPITAL NOSSA SENHORA DA CONCEICAO,25000,MINISTERIO DA SAUDE,,6,2025-12
PB,40701,INSTITUTO BRASILEIRO DO MEIO AMBIENTE E RECURSOS NATURAIS RENOVAVEIS,40211,MINISTERIO DO MEIO AMBIENTE,,64,2025-12
PB,44207,INSTITUTO CHICO MENDES DE CONSERVACAO DA BIODIVERSIDADE,40211,MINISTERIO DO MEIO AMBIENTE,,73,2025-12
PB,24204,INSTITUTO DO PATRIMONIO HISTORICO E ARTISTICO NACIONAL,54100,MINISTERIO DA CULTURA,,22,2025-12
PB,26417,INSTITUTO FEDERAL DA PARAIBA,15000,MINISTERIO DA EDUCACAO,,2373,2025-12
PB,26420,INSTITUTO FEDERAL FARROUPILHA,15000,MINISTERIO DA EDUCACAO,,12,2025-12
PB,30204,INSTITUTO NACIONAL DA PROPRIEDADE INDUSTRIAL,17400,MIN DESENVOLV IND COMERCIO E SERVICOS,,2,2025-12
PB,42201,INSTITUTO NACIONAL DE COLONIZACAO E REFORMA AGRARIA,13100,MIN DO DESENV AGR E AGRIC FAMILIAR,,69,2025-12
PB,57202,INSTITUTO NACIONAL DO SEGURO SOCIAL,33100,MINISTERIO DA PREVIDENCIA SOCIAL,INSS,308,2025-12
PB,13100,MIN DO DESENV AGR E AGRIC FAMILIAR,-1,SEM INFORMACAO,,5,2025-12
PB,17500,MIN GESTAO E INOV EM SERV PUBLICOS,-1,SEM INFORMACAO,,70,2025-12
PB,13300,MINISTERIO DA AGRICULTURA E PECUARIA,-1,SEM INFORMACAO,,67,2025-12
PB,40108,"MINISTERIO DA CIENCIA, TECNOLOGIA, INOVACOES E COMUNICACOES",-1,SEM INFORMACAO,,36,2025-12
PB,54100,MINISTERIO DA CULTURA,-1,SEM INFORMACAO,,2,2025-12
PB,17600,MINISTERIO DA FAZENDA,-1,SEM INFORMACAO,FAZ,165,2025-12
PB,13200,MINISTERIO DA PESCA E AQUICULTURA,-1,SEM INFORMACAO,,2,2025-12
PB,33100,MINISTERIO DA PREVIDENCIA SOCIAL,-1,SEM INFORMACAO,,95,2025-12
PB,25000,MINISTERIO DA SAUDE,-1,SEM INFORMACAO,,76,2025-12
PB,33200,MINISTERIO DO TRABALHO E EMPREGO,-1,SEM INFORMACAO,,78,2025-12
PB,26240,UNIVERSIDADE FEDERAL DA PARAIBA,15000,MINISTERIO DA EDUCACAO,UNIV,5790,2025-12
PB,26252,UNIVERSIDADE FEDERAL DE CAMPINA GRANDE - PB,15000,MINISTERIO DA EDUCACAO,UNIV,2856,2025-12
PB,26258,UNIVERSIDADE TECNOLOGICA FEDERAL DO PARANA,15000,MINISTERIO DA EDUCACAO,UNIV,23,2025-12
PE,40116,ADVOCACIA-GERAL DA UNIAO,-1,SEM INFORMACAO,,401,2025-12
PE,40106,ADVOCACIA-GERAL DA UNIAO,20101,PRESIDENCIA DA REPUBLICA,,1,2025-12
PE,52201,AGENCIA NACIONAL DE AVIACAO CIVIL,49100,MINISTERIO DE PORTOS E AEROPORTOS,,21,2025-12
PE,32396,AGENCIA NACIONAL DE MINERACAO,32000,MINISTERIO DE MINAS E ENERGIA,,12,2025-12
PE,36208,AGENCIA NACIONAL DE SAUDE SUPLEMENTAR,25000,MINISTERIO DA SAUDE,,17,2025-12
PE,41231,AGENCIA NACIONAL DE TELECOMUNICACOES,40108,"MINISTERIO DA CIENCIA, TECNOLOGIA, INOVACOES E COMUNICACOES",,34,2025-12
PE,39251,AGENCIA NACIONAL DE TRANSPORTES AQUAVIARIOS,49100,MINISTERIO DE PORTOS E AEROPORTOS,,10,2025-12
PE,39250,AGENCIA NACIONAL DE TRANSPORTES TERRESTRES,49200,MINISTERIO DOS TRANSPORTES,,7,2025-12
PE,36207,AGENCIA NACIONAL DE VIGILANCIA SANITARIA,25000,MINISTERIO DA SAUDE,,17,2025-12
PE,99071,ASSEMBLEIA LEGISLATIVA - PERNAMBUCO,-1,SEM INFORMACAO,,3,2025-12
PE,21000,COMANDO DA AERONAUTICA,40115,MINISTERIO DA DEFESA,,102,2025-12
PE,70000,COMANDO DA MARINHA,40115,MINISTERIO DA DEFESA,,32,2025-12
PE,16000,COMANDO DO EXERCITO,40115,MINISTERIO DA DEFESA,,147,2025-12
PE,40301,COMISSAO NACIONAL DE ENERGIA NUCLEAR,40108,"MINISTERIO DA CIENCIA, TECNOLOGIA, INOVACOES E COMUNICACOES",,66,2025-12
PE,99010,COMPANHIA DE PESQUISA DE RECURSOS MINERAIS,32000,MINISTERIO DE MINAS E ENERGIA,,1,2025-12
PE,59000,CONTROLADORIA-GERAL DA UNIAO,-1,SEM INFORMACAO,,37,2025-12
PE,37000,DEFENSORIA PUBLICA DA UNIAO,-1,SEM INFORMACAO,,31,2025-12
PE,39252,DEPARTAMENTO NACIONAL DE INFRAESTRUTURA DE TRANSPORTES,49200,MINISTERIO DOS TRANSPORTES,,90,2025-12
PE,42204,DEPARTAMENTO NACIONAL DE OBRAS CONTRA AS SECAS,40100,MIN DA INTEG E DO DESENV REGIONAL,,17,2025-12
PE,26443,EMPRESA BRASILEIRA DE SERVICOS HOSPITALARES,15000,MINISTERIO DA EDUCACAO,,17,2025-12
PE,40408,FUNDACAO CULTURAL PALMARES,54100,MINISTERIO DA CULTURA,,14,2025-12
PE,45205,FUNDACAO INSTITUTO BRASILEIRO DE GEOGRAFIA E ESTATISTICA,17300,MINISTERIO DO PLANEJAMENTO E ORCAMENTO,IBGE,109,2025-12
PE,26292,FUNDACAO JOAQUIM NABUCO,15000,MINISTERIO DA EDUCACAO,,145,2025-12
PE,57201,"FUNDACAO JORGE DUPRAT FIGUEIREDO, DE SEGURANCA E MEDICINA DO TRABALHO",33200,MINISTERIO DO TRABALHO E EMPREGO,,6,2025-12
PE,36205,FUNDACAO NACIONAL DE SAUDE,25000,MINISTERIO DA SAUDE,,54,2025-12
PE,30202,FUNDACAO NACIONAL DO INDIO,17200,MINISTERIO DOS POVOS INDIGENAS,,52,2025-12
PE,36201,FUNDACAO OSWALDO CRUZ,25000,MINISTERIO DA SAUDE,,149,2025-12
PE,26271,FUNDACAO UNIVERSIDADE DE BRASILIA,15000,MINISTERIO DA EDUCACAO,UNIV,1,2025-12
PE,94620,GOVERNO DO ESTADO DE PERNAMBUCO,-1,SEM INFORMACAO,,35,2025-12
PE,42207,INSTITUTO BRASILEIRO DE MUSEUS,54100,MINISTERIO DA CULTURA,,9,2025-12
PE,40701,INSTITUTO BRASILEIRO DO MEIO AMBIENTE E RECURSOS NATURAIS RENOVAVEIS,40211,MINISTERIO DO MEIO AMBIENTE,,62,2025-12
PE,44207,INSTITUTO CHICO MENDES DE CONSERVACAO DA BIODIVERSIDADE,40211,MINISTERIO DO MEIO AMBIENTE,,51,2025-12
PE,24204,INSTITUTO DO PATRIMONIO HISTORICO E ARTISTICO NACIONAL,54100,MINISTERIO DA CULTURA,,42,2025-12
PE,26418,INSTITUTO FEDERAL DE PERNAMBUCO,15000,MINISTERIO DA EDUCACAO,IF,2216,2025-12
PE,26430,INSTITUTO FEDERAL DO SERTAO PERNAMBUCANO,15000,MINISTERIO DA EDUCACAO,IF,808,2025-12
PE,26436,INSTITUTO FEDERAL SUL-RIO-GRANDENSE,15000,MINISTERIO DA EDUCACAO,,3,2025-12
PE,30204,INSTITUTO NACIONAL DA PROPRIEDADE INDUSTRIAL,17400,MIN DESENVOLV IND COMERCIO E SERVICOS,,5,2025-12
PE,42201,INSTITUTO NACIONAL DE COLONIZACAO E REFORMA AGRARIA,13100,MIN DO DESENV AGR E AGRIC FAMILIAR,,139,2025-12
PE,57202,INSTITUTO NACIONAL DO SEGURO SOCIAL,33100,MINISTERIO DA PREVIDENCIA SOCIAL,INSS,1275,2025-12
PE,40100,MIN DA INTEG E DO DESENV REGIONAL,-1,SEM INFORMACAO,,21,2025-12
PE,13100,MIN DO DESENV AGR E AGRIC FAMILIAR,-1,SEM INFORMACAO,,3,2025-12
PE,17500,MIN GESTAO E INOV EM SERV PUBLICOS,-1,SEM INFORMACAO,,125,2025-12
PE,13300,MINISTERIO DA AGRICULTURA E PECUARIA,-1,SEM INFORMACAO,,197,2025-12
PE,40108,"MINISTERIO DA CIENCIA, TECNOLOGIA, INOVACOES E COMUNICACOES",-1,SEM INFORMACAO,,35,2025-12
PE,17600,MINISTERIO DA FAZENDA,-1,SEM INFORMACAO,FAZ,668,2025-12
PE,13200,MINISTERIO DA PESCA E AQUICULTURA,-1,SEM INFORMACAO,,2,2025-12
PE,33100,MINISTERIO DA PREVIDENCIA SOCIAL,-1,SEM INFORMACAO,,162,2025-12
PE,25000,MINISTERIO DA SAUDE,-1,SEM INFORMACAO,,108,2025-12
PE,35000,MINISTERIO DAS RELACOES EXTERIORES,-1,SEM INFORMACAO,,2,2025-12
PE,33200,MINISTERIO DO TRABALHO E EMPREGO,-1,SEM INFORMACAO,,174,2025-12
PE,99068,PREFEITURA MUNICIPAL DE RECIFE - PE,-1,SEM INFORMACAO,,13,2025-12
PE,53203,SUPERINTENDENCIA DO DESENVOLVIMENTO DO NORDESTE,40100,MIN DA INTEG E DO DESENV REGIONAL,,104,2025-12
PE,33206,SUPERINTENDENCIA NACIONAL DE PREVIDENCIA COMPLEMENTAR,33100,MINISTERIO DA PREVIDENCIA SOCIAL,,7,2025-12
PE,26456,UNIVER. FEDERAL DO AGRESTE DE PERNAMBUCO,15000,MINISTERIO DA EDUCACAO,,340,2025-12
PE,26442,UNIVERSIDADE DA INTEGRACAO INTERNACIONAL DA LUSOFONIA AFRO-BRASILEIRA,15000,MINISTERIO DA EDUCACAO,UNIV,1,2025-12
PE,26242,UNIVERSIDADE FEDERAL DE PERNAMBUCO,15000,MINISTERIO DA EDUCACAO,UNIV,6192,2025-12
PE,26448,UNIVERSIDADE FEDERAL DO SUL E SUDESTE DO PARA,15000,MINISTERIO DA EDUCACAO,UNIV,1,2025-12
PE,26230,UNIVERSIDADE FEDERAL DO VALE DO SAO FRANCISCO,15000,MINISTERIO DA EDUCACAO,UNIV,538,2025-12
PE,26248,UNIVERSIDADE FEDERAL RURAL DE PERNAMBUCO,15000,MINISTERIO DA EDUCACAO,UNIV,2116,2025-12
PI,40116,ADVOCACIA-GERAL DA UNIAO,-1,SEM INFORMACAO,,129,2025-12
PI,21300,AGENCIA ESPACIAL BRASILEIRA,40108,"MINISTERIO DA CIENCIA, TECNOLOGIA, INOVACOES E COMUNICACOES",,15,2025-12
PI,32396,AGENCIA NACIONAL DE MINERACAO,32000,MINISTERIO DE MINAS E ENERGIA,,5,2025-12
PI,41231,AGENCIA NACIONAL DE TELECOMUNICACOES,40108,"MINISTERIO DA CIENCIA, TECNOLOGIA, INOVACOES E COMUNICACOES",,9,2025-12
PI,39250,AGENCIA NACIONAL DE TRANSPORTES TERRESTRES,49200,MINISTERIO DOS TRANSPORTES,,2,2025-12
PI,36207,AGENCIA NACIONAL DE VIGILANCIA SANITARIA,25000,MINISTERIO DA SAUDE,,3,2025-12
PI,26201,COLEGIO PEDRO II,15000,MINISTERIO DA EDUCACAO,IF,270,2025-12
PI,16000,COMANDO DO EXERCITO,40115,MINISTERIO DA DEFESA,,49,2025-12
PI,29214,COMPANHIA BRASILEIRA DE TRENS URBANOS,40200,MINISTERIO DAS CIDADES,,2,2025-12
PI,22203,COMPANHIA DE DESENVOLVIMENTO DOS VALES DO SAO FRANCISCO E DO PARNAIBA,40100,MIN DA INTEG E DO DESENV REGIONAL,,2,2025-12
PI,22200,COMPANHIA NACIONAL DE ABASTECIMENTO,13100,MIN DO DESENV AGR E AGRIC FAMILIAR,,1,2025-12
PI,59000,CONTROLADORIA-GERAL DA UNIAO,-1,SEM INFORMACAO,,24,2025-12
PI,37000,DEFENSORIA PUBLICA DA UNIAO,-1,SEM INFORMACAO,,9,2025-12
PI,39252,DEPARTAMENTO NACIONAL DE INFRAESTRUTURA DE TRANSPORTES,49200,MINISTERIO DOS TRANSPORTES,,76,2025-12
PI,42204,DEPARTAMENTO NACIONAL DE OBRAS CONTRA AS SECAS,40100,MIN DA INTEG E DO DESENV REGIONAL,,68,2025-12
PI,49280,EMPRESA BRASILEIRA DE CORREIOS E TELEGRAFOS,40108,"MINISTERIO DA CIENCIA, TECNOLOGIA, INOVACOES E COMUNICACOES",,6,2025-12
PI,22202,EMPRESA BRASILEIRA DE PESQUISA AGROPECUARIA,13300,MINISTERIO DA AGRICULTURA E PECUARIA,,1,2025-12
PI,26443,EMPRESA BRASILEIRA DE SERVICOS HOSPITALARES,15000,MINISTERIO DA EDUCACAO,,790,2025-12
PI,45205,FUNDACAO INSTITUTO BRASILEIRO DE GEOGRAFIA E ESTATISTICA,17300,MINISTERIO DO PLANEJAMENTO E ORCAMENTO,IBGE,65,2025-12
PI,36205,FUNDACAO NACIONAL DE SAUDE,25000,MINISTERIO DA SAUDE,,32,2025-12
PI,36201,FUNDACAO OSWALDO CRUZ,25000,MINISTERIO DA SAUDE,,3,2025-12
PI,94220,GOVERNO DO ESTADO DO PIAUI,-1,SEM INFORMACAO,,27,2025-12
PI,40701,INSTITUTO BRASILEIRO DO MEIO AMBIENTE E RECURSOS NATURAIS RENOVAVEIS,40211,MINISTERIO DO MEIO AMBIENTE,,55,2025-12
PI,44207,INSTITUTO CHICO MENDES DE CONSERVACAO DA BIODIVERSIDADE,40211,MINISTERIO DO MEIO AMBIENTE,,16,2025-12
PI,24204,INSTITUTO DO PATRIMONIO HISTORICO E ARTISTICO NACIONAL,54100,MINISTERIO DA CULTURA,,14,2025-12
PI,26417,INSTITUTO FEDERAL DA PARAIBA,15000,MINISTERIO DA EDUCACAO,,10,2025-12
PI,26406,INSTITUTO FEDERAL DO ESPIRITO SANTO,15000,MINISTERIO DA EDUCACAO,IF,2,2025-12
PI,26431,INSTITUTO FEDERAL DO PIAUI,15000,MINISTERIO DA EDUCACAO,IF,2342,2025-12
PI,42201,INSTITUTO NACIONAL DE COLONIZACAO E REFORMA AGRARIA,13100,MIN DO DESENV AGR E AGRIC FAMILIAR,,91,2025-12
PI,57202,INSTITUTO NACIONAL DO SEGURO SOCIAL,33100,MINISTERIO DA PREVIDENCIA SOCIAL,INSS,336,2025-12
PI,13100,MIN DO DESENV AGR E AGRIC FAMILIAR,-1,SEM INFORMACAO,,3,2025-12
PI,17500,MIN GESTAO E INOV EM SERV PUBLICOS,-1,SEM INFORMACAO,,45,2025-12
PI,13300,MINISTERIO DA AGRICULTURA E PECUARIA,-1,SEM INFORMACAO,,40,2025-12
PI,17600,MINISTERIO DA FAZENDA,-1,SEM INFORMACAO,FAZ,124,2025-12
PI,13200,MINISTERIO DA PESCA E AQUICULTURA,-1,SEM INFORMACAO,,3,2025-12
PI,33100,MINISTERIO DA PREVIDENCIA SOCIAL,-1,SEM INFORMACAO,,77,2025-12
PI,25000,MINISTERIO DA SAUDE,-1,SEM INFORMACAO,,65,2025-12
PI,35000,MINISTERIO DAS RELACOES EXTERIORES,-1,SEM INFORMACAO,,1,2025-12
PI,33200,MINISTERIO DO TRABALHO E EMPREGO,-1,SEM INFORMACAO,,70,2025-12
PI,20101,PRESIDENCIA DA REPUBLICA,-1,SEM INFORMACAO,,1,2025-12
PI,26455,UNIV. FEDERAL DO DELTA DO PARNAIBA,15000,MINISTERIO DA EDUCACAO,UNIV,389,2025-12
PI,26442,UNIVERSIDADE DA INTEGRACAO INTERNACIONAL DA LUSOFONIA AFRO-BRASILEIRA,15000,MINISTERIO DA EDUCACAO,UNIV,119,2025-12
PI,26279,UNIVERSIDADE FEDERAL DO PIAUI,15000,MINISTERIO DA EDUCACAO,UNIV,2587,2025-12
PI,26230,UNIVERSIDADE FEDERAL DO VALE DO SAO FRANCISCO,15000,MINISTERIO DA EDUCACAO,UNIV,61,2025-12
PR,40116,ADVOCACIA-GERAL DA UNIAO,-1,SEM INFORMACAO,,305,2025-12
PR,52201,AGENCIA NACIONAL DE AVIACAO CIVIL,49100,MINISTERIO DE PORTOS E AEROPORTOS,,10,2025-12
PR,32396,AGENCIA NACIONAL DE MINERACAO,32000,MINISTERIO DE MINAS E ENERGIA,,15,2025-12
PR,36208,AGENCIA NACIONAL DE SAUDE SUPLEMENTAR,25000,MINISTERIO DA SAUDE,,8,2025-12
PR,41231,AGENCIA NACIONAL DE TELECOMUNICACOES,40108,"MINISTERIO DA CIENCIA, TECNOLOGIA, INOVACOES E COMUNICACOES",,46,2025-12
PR,39251,AGENCIA NACIONAL DE TRANSPORTES AQUAVIARIOS,49100,MINISTERIO DE PORTOS E AEROPORTOS,,6,2025-12
PR,39250,AGENCIA NACIONAL DE TRANSPORTES TERRESTRES,49200,MINISTERIO DOS TRANSPORTES,,21,2025-12
PR,36207,AGENCIA NACIONAL DE VIGILANCIA SANITARIA,25000,MINISTERIO DA SAUDE,,29,2025-12
PR,21000,COMANDO DA AERONAUTICA,40115,MINISTERIO DA DEFESA,,34,2025-12
PR,70000,COMANDO DA MARINHA,40115,MINISTERIO DA DEFESA,,4,2025-12
PR,16000,COMANDO DO EXERCITO,40115,MINISTERIO DA DEFESA,,107,2025-12
PR,59000,CONTROLADORIA-GERAL DA UNIAO,-1,SEM INFORMACAO,,33,2025-12
PR,37000,DEFENSORIA PUBLICA DA UNIAO,-1,SEM INFORMACAO,,9,2025-12
PR,39252,DEPARTAMENTO NACIONAL DE INFRAESTRUTURA DE TRANSPORTES,49200,MINISTERIO DOS TRANSPORTES,,84,2025-12
PR,26443,EMPRESA BRASILEIRA DE SERVICOS HOSPITALARES,15000,MINISTERIO DA EDUCACAO,,2,2025-12
PR,45205,FUNDACAO INSTITUTO BRASILEIRO DE GEOGRAFIA E ESTATISTICA,17300,MINISTERIO DO PLANEJAMENTO E ORCAMENTO,IBGE,147,2025-12
PR,57201,"FUNDACAO JORGE DUPRAT FIGUEIREDO, DE SEGURANCA E MEDICINA DO TRABALHO",33200,MINISTERIO DO TRABALHO E EMPREGO,,3,2025-12
PR,36205,FUNDACAO NACIONAL DE SAUDE,25000,MINISTERIO DA SAUDE,,17,2025-12
PR,30202,FUNDACAO NACIONAL DO INDIO,17200,MINISTERIO DOS POVOS INDIGENAS,,24,2025-12
PR,36201,FUNDACAO OSWALDO CRUZ,25000,MINISTERIO DA SAUDE,,87,2025-12
PR,26268,FUNDACAO UNIVERSIDADE FEDERAL DE RONDONIA,15000,MINISTERIO DA EDUCACAO,UNIV,1,2025-12
PR,26274,FUNDACAO UNIVERSIDADE FEDERAL UBERLANDIA,15000,MINISTERIO DA EDUCACAO,UNIV,7,2025-12
PR,96120,GOVERNO DO ESTADO DO PARANA,-1,SEM INFORMACAO,,15,2025-12
PR,42207,INSTITUTO BRASILEIRO DE MUSEUS,54100,MINISTERIO DA CULTURA,,2,2025-12
PR,40701,INSTITUTO BRASILEIRO DO MEIO AMBIENTE E RECURSOS NATURAIS RENOVAVEIS,40211,MINISTERIO DO MEIO AMBIENTE,,84,2025-12
PR,44207,INSTITUTO CHICO MENDES DE CONSERVACAO DA BIODIVERSIDADE,40211,MINISTERIO DO MEIO AMBIENTE,,83,2025-12
PR,24204,INSTITUTO DO PATRIMONIO HISTORICO E ARTISTICO NACIONAL,54100,MINISTERIO DA CULTURA,,19,2025-12
PR,26423,INSTITUTO FEDERAL DE SERGIPE,15000,MINISTERIO DA EDUCACAO,IF,1,2025-12
PR,26432,INSTITUTO FEDERAL DO PARANA,15000,MINISTERIO DA EDUCACAO,IF,2545,2025-12
PR,30204,INSTITUTO NACIONAL DA PROPRIEDADE INDUSTRIAL,17400,MIN DESENVOLV IND COMERCIO E SERVICOS,,3,2025-12
PR,42201,INSTITUTO NACIONAL DE COLONIZACAO E REFORMA AGRARIA,13100,MIN DO DESENV AGR E AGRIC FAMILIAR,,74,2025-12
PR,57202,INSTITUTO NACIONAL DO SEGURO SOCIAL,33100,MINISTERIO DA PREVIDENCIA SOCIAL,INSS,780,2025-12
PR,13100,MIN DO DESENV AGR E AGRIC FAMILIAR,-1,SEM INFORMACAO,,3,2025-12
PR,17500,MIN GESTAO E INOV EM SERV PUBLICOS,-1,SEM INFORMACAO,,61,2025-12
PR,13300,MINISTERIO DA AGRICULTURA E PECUARIA,-1,SEM INFORMACAO,,292,2025-12
PR,54100,MINISTERIO DA CULTURA,-1,SEM INFORMACAO,,2,2025-12
PR,17600,MINISTERIO DA FAZENDA,-1,SEM INFORMACAO,FAZ,1392,2025-12
PR,33100,MINISTERIO DA PREVIDENCIA SOCIAL,-1,SEM INFORMACAO,,166,2025-12
PR,25000,MINISTERIO DA SAUDE,-1,SEM INFORMACAO,,83,2025-12
PR,40200,MINISTERIO DAS CIDADES,-1,SEM INFORMACAO,,1,2025-12
PR,35000,MINISTERIO DAS RELACOES EXTERIORES,-1,SEM INFORMACAO,,2,2025-12
PR,33200,MINISTERIO DO TRABALHO E EMPREGO,-1,SEM INFORMACAO,,162,2025-12
PR,40603,SUPERINTENDENCIA DA ZONA FRANCA DE MANAUS,17400,MIN DESENVOLV IND COMERCIO E SERVICOS,,1,2025-12
PR,26440,UNIVERSIDADE FEDERAL DA FRONTEIRA SUL,15000,MINISTERIO DA EDUCACAO,UNIV,290,2025-12
PR,26267,UNIVERSIDADE FEDERAL DA INTEGRACAO LATINO-AMERICANA,15000,MINISTERIO DA EDUCACAO,UNIV,111,2025-12
PR,26241,UNIVERSIDADE FEDERAL DO PARANA,15000,MINISTERIO DA EDUCACAO,UNIV,5700,2025-12
PR,26258,UNIVERSIDADE TECNOLOGICA FEDERAL DO PARANA,15000,MINISTERIO DA EDUCACAO,UNIV,3487,2025-12
RJ,40116,ADVOCACIA-GERAL DA UNIAO,-1,SEM INFORMACAO,,603,2025-12
RJ,52201,AGENCIA NACIONAL DE AVIACAO CIVIL,49100,MINISTERIO DE PORTOS E AEROPORTOS,,217,2025-12
RJ,32396,AGENCIA NACIONAL DE MINERACAO,32000,MINISTERIO DE MINAS E ENERGIA,,8,2025-12
RJ,36208,AGENCIA NACIONAL DE SAUDE SUPLEMENTAR,25000,MINISTERIO DA SAUDE,,358,2025-12
RJ,41231,AGENCIA NACIONAL DE TELECOMUNICACOES,40108,"MINISTERIO DA CIENCIA, TECNOLOGIA, INOVACOES E COMUNICACOES",,67,2025-12
RJ,39251,AGENCIA NACIONAL DE TRANSPORTES AQUAVIARIOS,49100,MINISTERIO DE PORTOS E AEROPORTOS,,11,2025-12
RJ,39250,AGENCIA NACIONAL DE TRANSPORTES TERRESTRES,49200,MINISTERIO DOS TRANSPORTES,,31,2025-12
RJ,36207,AGENCIA NACIONAL DE VIGILANCIA SANITARIA,25000,MINISTERIO DA SAUDE,,44,2025-12
RJ,20224,AGENCIA NACIONAL DO CINEMA,54100,MINISTERIO DA CULTURA,,269,2025-12
RJ,32300,"AGENCIA NACIONAL DO PETROLEO, GAS NATURAL E BIOCOMBUSTIVEIS",32000,MINISTERIO DE MINAS E ENERGIA,,346,2025-12
RJ,99607,ASSEMBLEIA LEGISLATIVA - RIO DE JANEIRO,-1,SEM INFORMACAO,,8,2025-12
RJ,21201,CAIXA DE FINANCIAMENTO IMOBILIARIO DA AERONAUTICA,40115,MINISTERIO DA DEFESA,,3,2025-12
RJ,26256,CENTRO FEDERAL DE EDUCACAO TECNOLOGICA CELSO SUCKOW DA FONSECA,15000,MINISTERIO DA EDUCACAO,IF,1254,2025-12
RJ,26201,COLEGIO PEDRO II,15000,MINISTERIO DA EDUCACAO,IF,1931,2025-12
RJ,21000,COMANDO DA AERONAUTICA,40115,MINISTERIO DA DEFESA,,362,2025-12
RJ,70000,COMANDO DA MARINHA,40115,MINISTERIO DA DEFESA,,1422,2025-12
RJ,16000,COMANDO DO EXERCITO,40115,MINISTERIO DA DEFESA,,631,2025-12
RJ,45203,COMISSAO DE VALORES MOBILIARIOS,17600,MINISTERIO DA FAZENDA,FAZ,39,2025-12
RJ,40301,COMISSAO NACIONAL DE ENERGIA NUCLEAR,40108,"MINISTERIO DA CIENCIA, TECNOLOGIA, INOVACOES E COMUNICACOES",,407,2025-12
RJ,29214,COMPANHIA BRASILEIRA DE TRENS URBANOS,40200,MINISTERIO DAS CIDADES,,27,2025-12
RJ,99010,COMPANHIA DE PESQUISA DE RECURSOS MINERAIS,32000,MINISTERIO DE MINAS E ENERGIA,,2,2025-12
RJ,59000,CONTROLADORIA-GERAL DA UNIAO,-1,SEM INFORMACAO,,49,2025-12
RJ,37000,DEFENSORIA PUBLICA DA UNIAO,-1,SEM INFORMACAO,,62,2025-12
RJ,39252,DEPARTAMENTO NACIONAL DE INFRAESTRUTURA DE TRANSPORTES,49200,MINISTERIO DOS TRANSPORTES,,89,2025-12
RJ,20415,EMPRESA BRASIL DE COMUNICACAO,20101,PRESIDENCIA DA REPUBLICA,,4,2025-12
RJ,35201,FUNDACAO ALEXANDRE GUSMAO,35000,MINISTERIO DAS RELACOES EXTERIORES,,1,2025-12
RJ,24205,FUNDACAO BIBLIOTECA NACIONAL,54100,MINISTERIO DA CULTURA,,142,2025-12
RJ,40403,FUNDACAO CASA DE RUI BARBOSA,54100,MINISTERIO DA CULTURA,,75,2025-12
RJ,40408,FUNDACAO CULTURAL PALMARES,54100,MINISTERIO DA CULTURA,,2,2025-12
RJ,45205,FUNDACAO INSTITUTO BRASILEIRO DE GEOGRAFIA E ESTATISTICA,17300,MINISTERIO DO PLANEJAMENTO E ORCAMENTO,IBGE,994,2025-12
RJ,57201,"FUNDACAO JORGE DUPRAT FIGUEIREDO, DE SEGURANCA E MEDICINA DO TRABALHO",33200,MINISTERIO DO TRABALHO E EMPREGO,,6,2025-12
RJ,24203,FUNDACAO NACIONAL DE ARTES,54100,MINISTERIO DA CULTURA,,89,2025-12
RJ,36205,FUNDACAO NACIONAL DE SAUDE,25000,MINISTERIO DA SAUDE,,18,2025-12
RJ,30202,FUNDACAO NACIONAL DO INDIO,17200,MINISTERIO DOS POVOS INDIGENAS,,39,2025-12
RJ,16100,FUNDACAO OSORIO,40115,MINISTERIO DA DEFESA,,47,2025-12
RJ,36201,FUNDACAO OSWALDO CRUZ,25000,MINISTERIO DA SAUDE,,3383,2025-12
RJ,95320,GOVERNO DO ESTADO DO RIO DE JANEIRO,-1,SEM INFORMACAO,,25,2025-12
RJ,42207,INSTITUTO BRASILEIRO DE MUSEUS,54100,MINISTERIO DA CULTURA,,106,2025-12
RJ,40701,INSTITUTO BRASILEIRO DO MEIO AMBIENTE E RECURSOS NATURAIS RENOVAVEIS,40211,MINISTERIO DO MEIO AMBIENTE,,72,2025-12
RJ,44207,INSTITUTO CHICO MENDES DE CONSERVACAO DA BIODIVERSIDADE,40211,MINISTERIO DO MEIO AMBIENTE,,312,2025-12
RJ,45206,INSTITUTO DE PESQUISA ECONOMICA APLICADA,17300,MINISTERIO DO PLANEJAMENTO E ORCAMENTO,,5,2025-12
RJ,44206,INSTITUTO DE PESQUISAS JARDIM BOTANICO DO RIO DE JANEIRO,40211,MINISTERIO DO MEIO AMBIENTE,,143,2025-12
RJ,24204,INSTITUTO DO PATRIMONIO HISTORICO E ARTISTICO NACIONAL,54100,MINISTERIO DA CULTURA,,138,2025-12
RJ,26433,INSTITUTO FEDERAL DO RIO DE JANEIRO,15000,MINISTERIO DA EDUCACAO,IF,1941,2025-12
RJ,26434,INSTITUTO FEDERAL FLUMINENSE,15000,MINISTERIO DA EDUCACAO,,1528,2025-12
RJ,30204,INSTITUTO NACIONAL DA PROPRIEDADE INDUSTRIAL,17400,MIN DESENVOLV IND COMERCIO E SERVICOS,,742,2025-12
RJ,42201,INSTITUTO NACIONAL DE COLONIZACAO E REFORMA AGRARIA,13100,MIN DO DESENV AGR E AGRIC FAMILIAR,,58,2025-12
RJ,30203,"INSTITUTO NACIONAL DE METROLOGIA, QUALIDADE E TECNOLOGIA",17400,MIN DESENVOLV IND COMERCIO E SERVICOS,,465,2025-12
RJ,57202,INSTITUTO NACIONAL DO SEGURO SOCIAL,33100,MINISTERIO DA PREVIDENCIA SOCIAL,INSS,1320,2025-12
RJ,40100,MIN DA INTEG E DO DESENV REGIONAL,-1,SEM INFORMACAO,,3,2025-12
RJ,13100,MIN DO DESENV AGR E AGRIC FAMILIAR,-1,SEM INFORMACAO,,3,2025-12
RJ,17500,MIN GESTAO E INOV EM SERV PUBLICOS,-1,SEM INFORMACAO,,485,2025-12
RJ,13300,MINISTERIO DA AGRICULTURA E PECUARIA,-1,SEM INFORMACAO,,113,2025-12
RJ,40108,"MINISTERIO DA CIENCIA, TECNOLOGIA, INOVACOES E COMUNICACOES",-1,SEM INFORMACAO,,549,2025-12
RJ,40115,MINISTERIO DA DEFESA,-1,SEM INFORMACAO,,3,2025-12
RJ,15000,MINISTERIO DA EDUCACAO,-1,SEM INFORMACAO,,539,2025-12
RJ,17600,MINISTERIO DA FAZENDA,-1,SEM INFORMACAO,FAZ,1838,2025-12
RJ,20000,MINISTERIO DA JUSTICA E SEGURANCA PUBLICA,-1,SEM INFORMACAO,,4,2025-12
RJ,13200,MINISTERIO DA PESCA E AQUICULTURA,-1,SEM INFORMACAO,,5,2025-12
RJ,33100,MINISTERIO DA PREVIDENCIA SOCIAL,-1,SEM INFORMACAO,,286,2025-12
RJ,25000,MINISTERIO DA SAUDE,-1,SEM INFORMACAO,,10637,2025-12
RJ,35000,MINISTERIO DAS RELACOES EXTERIORES,-1,SEM INFORMACAO,,19,2025-12
RJ,55200,MINISTERIO DO ESPORTE,-1,SEM INFORMACAO,,1,2025-12
RJ,33200,MINISTERIO DO TRABALHO E EMPREGO,-1,SEM INFORMACAO,,543,2025-12
RJ,45208,SUPERINTENDENCIA DE SEGUROS PRIVADOS,17600,MINISTERIO DA FAZENDA,FAZ,256,2025-12
RJ,33206,SUPERINTENDENCIA NACIONAL DE PREVIDENCIA COMPLEMENTAR,33100,MINISTERIO DA PREVIDENCIA SOCIAL,,15,2025-12
RJ,26269,UNIVERSIDADE FEDERAL DO ESTADO DO RIO DE JANEIRO,15000,MINISTERIO DA EDUCACAO,UNIV,2049,2025-12
RJ,26245,UNIVERSIDADE FEDERAL DO RIO DE JANEIRO,15000,MINISTERIO DA EDUCACAO,UNIV,11771,2025-12
RJ,26236,UNIVERSIDADE FEDERAL FLUMINENSE - RJ,15000,MINISTERIO DA EDUCACAO,UNIV,6314,2025-12
RJ,26249,UNIVERSIDADE FEDERAL RURAL DO RIO DE JANEIRO,15000,MINISTERIO DA EDUCACAO,UNIV,2308,2025-12
RN,40116,ADVOCACIA-GERAL DA UNIAO,-1,SEM INFORMACAO,,100,2025-12
RN,32396,AGENCIA NACIONAL DE MINERACAO,32000,MINISTERIO DE MINAS E ENERGIA,,8,2025-12
RN,41231,AGENCIA NACIONAL DE TELECOMUNICACOES,40108,"MINISTERIO DA CIENCIA, TECNOLOGIA, INOVACOES E COMUNICACOES",,10,2025-12
RN,39250,AGENCIA NACIONAL DE TRANSPORTES TERRESTRES,49200,MINISTERIO DOS TRANSPORTES,,2,2025-12
RN,36207,AGENCIA NACIONAL DE VIGILANCIA SANITARIA,25000,MINISTERIO DA SAUDE,,13,2025-12
RN,21000,COMANDO DA AERONAUTICA,40115,MINISTERIO DA DEFESA,,65,2025-12
RN,70000,COMANDO DA MARINHA,40115,MINISTERIO DA DEFESA,,36,2025-12
RN,16000,COMANDO DO EXERCITO,40115,MINISTERIO DA DEFESA,,39,2025-12
RN,59000,CONTROLADORIA-GERAL DA UNIAO,-1,SEM INFORMACAO,,22,2025-12
RN,37000,DEFENSORIA PUBLICA DA UNIAO,-1,SEM INFORMACAO,,7,2025-12
RN,39252,DEPARTAMENTO NACIONAL DE INFRAESTRUTURA DE TRANSPORTES,49200,MINISTERIO DOS TRANSPORTES,,70,2025-12
RN,42204,DEPARTAMENTO NACIONAL DE OBRAS CONTRA AS SECAS,40100,MIN DA INTEG E DO DESENV REGIONAL,,7,2025-12
RN,26443,EMPRESA BRASILEIRA DE SERVICOS HOSPITALARES,15000,MINISTERIO DA EDUCACAO,,7,2025-12
RN,45205,FUNDACAO INSTITUTO BRASILEIRO DE GEOGRAFIA E ESTATISTICA,17300,MINISTERIO DO PLANEJAMENTO E ORCAMENTO,IBGE,66,2025-12
RN,36205,FUNDACAO NACIONAL DE SAUDE,25000,MINISTERIO DA SAUDE,,18,2025-12
RN,30202,FUNDACAO NACIONAL DO INDIO,17200,MINISTERIO DOS POVOS INDIGENAS,,4,2025-12
RN,26285,FUNDACAO UNIVERSIDADE FEDERAL DE SAO JOAO DEL-REI,15000,MINISTERIO DA EDUCACAO,UNIV,1,2025-12
RN,94420,GOVERNO DO ESTADO DO RIO GRANDE DO NORTE,-1,SEM INFORMACAO,,13,2025-12
RN,40701,INSTITUTO BRASILEIRO DO MEIO AMBIENTE E RECURSOS NATURAIS RENOVAVEIS,40211,MINISTERIO DO MEIO AMBIENTE,,54,2025-12
RN,44207,INSTITUTO CHICO MENDES DE CONSERVACAO DA BIODIVERSIDADE,40211,MINISTERIO DO MEIO AMBIENTE,,11,2025-12
RN,24204,INSTITUTO DO PATRIMONIO HISTORICO E ARTISTICO NACIONAL,54100,MINISTERIO DA CULTURA,,11,2025-12
RN,26435,INSTITUTO FEDERAL DO RIO GRANDE DO NORTE,15000,MINISTERIO DA EDUCACAO,IF,2644,2025-12
RN,42201,INSTITUTO NACIONAL DE COLONIZACAO E REFORMA AGRARIA,13100,MIN DO DESENV AGR E AGRIC FAMILIAR,,71,2025-12
RN,57202,INSTITUTO NACIONAL DO SEGURO SOCIAL,33100,MINISTERIO DA PREVIDENCIA SOCIAL,INSS,258,2025-12
RN,13100,MIN DO DESENV AGR E AGRIC FAMILIAR,-1,SEM INFORMACAO,,4,2025-12
RN,17500,MIN GESTAO E INOV EM SERV PUBLICOS,-1,SEM INFORMACAO,,39,2025-12
RN,13300,MINISTERIO DA AGRICULTURA E PECUARIA,-1,SEM INFORMACAO,,43,2025-12
RN,17600,MINISTERIO DA FAZENDA,-1,SEM INFORMACAO,FAZ,149,2025-12
RN,13200,MINISTERIO DA PESCA E AQUICULTURA,-1,SEM INFORMACAO,,2,2025-12
RN,33100,MINISTERIO DA PREVIDENCIA SOCIAL,-1,SEM INFORMACAO,,75,2025-12
RN,25000,MINISTERIO DA SAUDE,-1,SEM INFORMACAO,,69,2025-12
RN,35000,MINISTERIO DAS RELACOES EXTERIORES,-1,SEM INFORMACAO,,3,2025-12
RN,33200,MINISTERIO DO TRABALHO E EMPREGO,-1,SEM INFORMACAO,,64,2025-12
RN,26243,UNIVERSIDADE FEDERAL DO RIO GRANDE DO NORTE,15000,MINISTERIO DA EDUCACAO,UNIV,5105,2025-12
RN,26264,UNIVERSIDADE FEDERAL RURAL DO SEMI-ARIDO - RN,15000,MINISTERIO DA EDUCACAO,UNIV,1146,2025-12
RO,40116,ADVOCACIA-GERAL DA UNIAO,-1,SEM INFORMACAO,,32,2025-12
RO,32396,AGENCIA NACIONAL DE MINERACAO,32000,MINISTERIO DE MINAS E ENERGIA,,3,2025-12
RO,41231,AGENCIA NACIONAL DE TELECOMUNICACOES,40108,"MINISTERIO DA CIENCIA, TECNOLOGIA, INOVACOES E COMUNICACOES",,4,2025-12
RO,39251,AGENCIA NACIONAL DE TRANSPORTES AQUAVIARIOS,49100,MINISTERIO DE PORTOS E AEROPORTOS,,3,2025-12
RO,36207,AGENCIA NACIONAL DE VIGILANCIA SANITARIA,25000,MINISTERIO DA SAUDE,,4,2025-12
RO,16000,COMANDO DO EXERCITO,40115,MINISTERIO DA DEFESA,,43,2025-12
RO,99010,COMPANHIA DE PESQUISA DE RECURSOS MINERAIS,32000,MINISTERIO DE MINAS E ENERGIA,,1,2025-12
RO,59000,CONTROLADORIA-GERAL DA UNIAO,-1,SEM INFORMACAO,,11,2025-12
RO,37000,DEFENSORIA PUBLICA DA UNIAO,-1,SEM INFORMACAO,,4,2025-12
RO,39252,DEPARTAMENTO NACIONAL DE INFRAESTRUTURA DE TRANSPORTES,49200,MINISTERIO DOS TRANSPORTES,,40,2025-12
RO,45205,FUNDACAO INSTITUTO BRASILEIRO DE GEOGRAFIA E ESTATISTICA,17300,MINISTERIO DO PLANEJAMENTO E ORCAMENTO,IBGE,26,2025-12
RO,36205,FUNDACAO NACIONAL DE SAUDE,25000,MINISTERIO DA SAUDE,,27,2025-12
RO,30202,FUNDACAO NACIONAL DO INDIO,17200,MINISTERIO DOS POVOS INDIGENAS,,62,2025-12
RO,36201,FUNDACAO OSWALDO CRUZ,25000,MINISTERIO DA SAUDE,,20,2025-12
RO,26268,FUNDACAO UNIVERSIDADE FEDERAL DE RONDONIA,15000,MINISTERIO DA EDUCACAO,UNIV,1337,2025-12
RO,93520,GOVERNO DO ESTADO DE RONDONIA,-1,SEM INFORMACAO,,4,2025-12
RO,40701,INSTITUTO BRASILEIRO DO MEIO AMBIENTE E RECURSOS NATURAIS RENOVAVEIS,40211,MINISTERIO DO MEIO AMBIENTE,,93,2025-12
RO,44207,INSTITUTO CHICO MENDES DE CONSERVACAO DA BIODIVERSIDADE,40211,MINISTERIO DO MEIO AMBIENTE,,55,2025-12
RO,24204,INSTITUTO DO PATRIMONIO HISTORICO E ARTISTICO NACIONAL,54100,MINISTERIO DA CULTURA,,4,2025-12
RO,26421,INSTITUTO FEDERAL DE RONDONIA,15000,MINISTERIO DA EDUCACAO,IF,162,2025-12
RO,42201,INSTITUTO NACIONAL DE COLONIZACAO E REFORMA AGRARIA,13100,MIN DO DESENV AGR E AGRIC FAMILIAR,,85,2025-12
RO,57202,INSTITUTO NACIONAL DO SEGURO SOCIAL,33100,MINISTERIO DA PREVIDENCIA SOCIAL,INSS,120,2025-12
RO,13100,MIN DO DESENV AGR E AGRIC FAMILIAR,-1,SEM INFORMACAO,,2,2025-12
RO,17500,MIN GESTAO E INOV EM SERV PUBLICOS,-1,SEM INFORMACAO,,130,2025-12
RO,13300,MINISTERIO DA AGRICULTURA E PECUARIA,-1,SEM INFORMACAO,,72,2025-12
RO,40108,"MINISTERIO DA CIENCIA, TECNOLOGIA, INOVACOES E COMUNICACOES",-1,SEM INFORMACAO,,1,2025-12
RO,40115,MINISTERIO DA DEFESA,-1,SEM INFORMACAO,,17,2025-12
RO,17600,MINISTERIO DA FAZENDA,-1,SEM INFORMACAO,FAZ,142,2025-12
RO,13200,MINISTERIO DA PESCA E AQUICULTURA,-1,SEM INFORMACAO,,2,2025-12
RO,33100,MINISTERIO DA PREVIDENCIA SOCIAL,-1,SEM INFORMACAO,,7,2025-12
RO,25000,MINISTERIO DA SAUDE,-1,SEM INFORMACAO,,93,2025-12
RO,40211,MINISTERIO DO MEIO AMBIENTE,-1,SEM INFORMACAO,,3,2025-12
RO,33200,MINISTERIO DO TRABALHO E EMPREGO,-1,SEM INFORMACAO,,52,2025-12
RO,99033,PREFEITURA MUNICIPAL DE PORTO VELHO - RO,-1,SEM INFORMACAO,,3,2025-12
RO,40603,SUPERINTENDENCIA DA ZONA FRANCA DE MANAUS,17400,MIN DESENVOLV IND COMERCIO E SERVICOS,,2,2025-12
RO,99044,TRIBUNAL DE JUSTICA DO ESTADO DE RONDONIA,-1,SEM INFORMACAO,,1,2025-12
RR,40116,ADVOCACIA-GERAL DA UNIAO,-1,SEM INFORMACAO,,29,2025-12
RR,32396,AGENCIA NACIONAL DE MINERACAO,32000,MINISTERIO DE MINAS E ENERGIA,,2,2025-12
RR,41231,AGENCIA NACIONAL DE TELECOMUNICACOES,40108,"MINISTERIO DA CIENCIA, TECNOLOGIA, INOVACOES E COMUNICACOES",,5,2025-12
RR,39250,AGENCIA NACIONAL DE TRANSPORTES TERRESTRES,49200,MINISTERIO DOS TRANSPORTES,,1,2025-12
RR,36207,AGENCIA NACIONAL DE VIGILANCIA SANITARIA,25000,MINISTERIO DA SAUDE,,10,2025-12
RR,16000,COMANDO DO EXERCITO,40115,MINISTERIO DA DEFESA,,29,2025-12
RR,59000,CONTROLADORIA-GERAL DA UNIAO,-1,SEM INFORMACAO,,17,2025-12
RR,37000,DEFENSORIA PUBLICA DA UNIAO,-1,SEM INFORMACAO,,1,2025-12
RR,39252,DEPARTAMENTO NACIONAL DE INFRAESTRUTURA DE TRANSPORTES,49200,MINISTERIO DOS TRANSPORTES,,17,2025-12
RR,45205,FUNDACAO INSTITUTO BRASILEIRO DE GEOGRAFIA E ESTATISTICA,17300,MINISTERIO DO PLANEJAMENTO E ORCAMENTO,IBGE,15,2025-12
RR,36205,FUNDACAO NACIONAL DE SAUDE,25000,MINISTERIO DA SAUDE,,27,2025-12
RR,30202,FUNDACAO NACIONAL DO INDIO,17200,MINISTERIO DOS POVOS INDIGENAS,,53,2025-12
RR,93620,GOVERNO DO ESTADO DE RORAIMA,-1,SEM INFORMACAO,,3,2025-12
RR,40701,INSTITUTO BRASILEIRO DO MEIO AMBIENTE E RECURSOS NATURAIS RENOVAVEIS,40211,MINISTERIO DO MEIO AMBIENTE,,70,2025-12
RR,44207,INSTITUTO CHICO MENDES DE CONSERVACAO DA BIODIVERSIDADE,40211,MINISTERIO DO MEIO AMBIENTE,,17,2025-12
RR,24204,INSTITUTO DO PATRIMONIO HISTORICO E ARTISTICO NACIONAL,54100,MINISTERIO DA CULTURA,,6,2025-12
RR,26437,INSTITUTO FEDERAL DE RORAIMA,15000,MINISTERIO DA EDUCACAO,IF,763,2025-12
RR,42201,INSTITUTO NACIONAL DE COLONIZACAO E REFORMA AGRARIA,13100,MIN DO DESENV AGR E AGRIC FAMILIAR,,52,2025-12
RR,57202,INSTITUTO NACIONAL DO SEGURO SOCIAL,33100,MINISTERIO DA PREVIDENCIA SOCIAL,INSS,59,2025-12
RR,13100,MIN DO DESENV AGR E AGRIC FAMILIAR,-1,SEM INFORMACAO,,3,2025-12
RR,17500,MIN GESTAO E INOV EM SERV PUBLICOS,-1,SEM INFORMACAO,,138,2025-12
RR,13300,MINISTERIO DA AGRICULTURA E PECUARIA,-1,SEM INFORMACAO,,59,2025-12
RR,40108,"MINISTERIO DA CIENCIA, TECNOLOGIA, INOVACOES E COMUNICACOES",-1,SEM INFORMACAO,,1,2025-12
RR,17600,MINISTERIO DA FAZENDA,-1,SEM INFORMACAO,FAZ,87,2025-12
RR,13200,MINISTERIO DA PESCA E AQUICULTURA,-1,SEM INFORMACAO,,5,2025-12
RR,25000,MINISTERIO DA SAUDE,-1,SEM INFORMACAO,,89,2025-12
RR,33200,MINISTERIO DO TRABALHO E EMPREGO,-1,SEM INFORMACAO,,10,2025-12
RR,26250,UNIVERSIDADE FEDERAL DE RORAIMA,15000,MINISTERIO DA EDUCACAO,UNIV,994,2025-12
RS,40116,ADVOCACIA-GERAL DA UNIAO,-1,SEM INFORMACAO,,497,2025-12
RS,52201,AGENCIA NACIONAL DE AVIACAO CIVIL,49100,MINISTERIO DE PORTOS E AEROPORTOS,,19,2025-12
RS,32396,AGENCIA NACIONAL DE MINERACAO,32000,MINISTERIO DE MINAS E ENERGIA,,17,2025-12
RS,36208,AGENCIA NACIONAL DE SAUDE SUPLEMENTAR,25000,MINISTERIO DA SAUDE,,10,2025-12
RS,41231,AGENCIA NACIONAL DE TELECOMUNICACOES,40108,"MINISTERIO DA CIENCIA, TECNOLOGIA, INOVACOES E COMUNICACOES",,41,2025-12
RS,39251,AGENCIA NACIONAL DE TRANSPORTES AQUAVIARIOS,49100,MINISTERIO DE PORTOS E AEROPORTOS,,4,2025-12
RS,39250,AGENCIA NACIONAL DE TRANSPORTES TERRESTRES,49200,MINISTERIO DOS TRANSPORTES,,10,2025-12
RS,36207,AGENCIA NACIONAL DE VIGILANCIA SANITARIA,25000,MINISTERIO DA SAUDE,,17,2025-12
RS,32300,"AGENCIA NACIONAL DO PETROLEO, GAS NATURAL E BIOCOMBUSTIVEIS",32000,MINISTERIO DE MINAS E ENERGIA,,4,2025-12
RS,21000,COMANDO DA AERONAUTICA,40115,MINISTERIO DA DEFESA,,22,2025-12
RS,70000,COMANDO DA MARINHA,40115,MINISTERIO DA DEFESA,,9,2025-12
RS,16000,COMANDO DO EXERCITO,40115,MINISTERIO DA DEFESA,,198,2025-12
RS,59000,CONTROLADORIA-GERAL DA UNIAO,-1,SEM INFORMACAO,,25,2025-12
RS,37000,DEFENSORIA PUBLICA DA UNIAO,-1,SEM INFORMACAO,,9,2025-12
RS,39252,DEPARTAMENTO NACIONAL DE INFRAESTRUTURA DE TRANSPORTES,49200,MINISTERIO DOS TRANSPORTES,,92,2025-12
RS,42204,DEPARTAMENTO NACIONAL DE OBRAS CONTRA AS SECAS,40100,MIN DA INTEG E DO DESENV REGIONAL,,4,2025-12
RS,26443,EMPRESA BRASILEIRA DE SERVICOS HOSPITALARES,15000,MINISTERIO DA EDUCACAO,,5,2025-12
RS,29205,EMPRESA DE TRENS URBANOS DE PORTO ALEGRE S.A.,40112,MINISTERIO DO DESENVOLVIMENTO REGIONAL,,1,2025-12
RS,40408,FUNDACAO CULTURAL PALMARES,54100,MINISTERIO DA CULTURA,,1,2025-12
RS,45205,FUNDACAO INSTITUTO BRASILEIRO DE GEOGRAFIA E ESTATISTICA,17300,MINISTERIO DO PLANEJAMENTO E ORCAMENTO,IBGE,136,2025-12
RS,36205,FUNDACAO NACIONAL DE SAUDE,25000,MINISTERIO DA SAUDE,,9,2025-12
RS,30202,FUNDACAO NACIONAL DO INDIO,17200,MINISTERIO DOS POVOS INDIGENAS,,9,2025-12
RS,16100,FUNDACAO OSORIO,40115,MINISTERIO DA DEFESA,,10,2025-12
RS,26278,FUNDACAO UNIVERSIDADE FEDERAL DE PELOTAS,15000,MINISTERIO DA EDUCACAO,UNIV,2580,2025-12
RS,26266,FUNDACAO UNIVERSIDADE FEDERAL DO PAMPA,15000,MINISTERIO DA EDUCACAO,UNIV,1589,2025-12
RS,96320,GOVERNO DO ESTADO DO RIO GRANDE DO SUL,-1,SEM INFORMACAO,,21,2025-12
RS,99013,HOSPITAL DE CLINICAS DE PORTO ALEGRE,15000,MINISTERIO DA EDUCACAO,,14,2025-12
RS,42207,INSTITUTO BRASILEIRO DE MUSEUS,54100,MINISTERIO DA CULTURA,,1,2025-12
RS,40701,INSTITUTO BRASILEIRO DO MEIO AMBIENTE E RECURSOS NATURAIS RENOVAVEIS,40211,MINISTERIO DO MEIO AMBIENTE,,74,2025-12
RS,44207,INSTITUTO CHICO MENDES DE CONSERVACAO DA BIODIVERSIDADE,40211,MINISTERIO DO MEIO AMBIENTE,,42,2025-12
RS,24204,INSTITUTO DO PATRIMONIO HISTORICO E ARTISTICO NACIONAL,54100,MINISTERIO DA CULTURA,,29,2025-12
RS,26422,INSTITUTO FEDERAL CATARINENSE,15000,MINISTERIO DA EDUCACAO,,3,2025-12
RS,26419,INSTITUTO FEDERAL DO RIO GRANDE DO SUL,15000,MINISTERIO DA EDUCACAO,IF,2195,2025-12
RS,26430,INSTITUTO FEDERAL DO SERTAO PERNAMBUCANO,15000,MINISTERIO DA EDUCACAO,IF,109,2025-12
RS,26420,INSTITUTO FEDERAL FARROUPILHA,15000,MINISTERIO DA EDUCACAO,,1437,2025-12
RS,26436,INSTITUTO FEDERAL SUL-RIO-GRANDENSE,15000,MINISTERIO DA EDUCACAO,,1609,2025-12
RS,30204,INSTITUTO NACIONAL DA PROPRIEDADE INDUSTRIAL,17400,MIN DESENVOLV IND COMERCIO E SERVICOS,,5,2025-12
RS,42201,INSTITUTO NACIONAL DE COLONIZACAO E REFORMA AGRARIA,13100,MIN DO DESENV AGR E AGRIC FAMILIAR,,79,2025-12
RS,30203,"INSTITUTO NACIONAL DE METROLOGIA, QUALIDADE E TECNOLOGIA",17400,MIN DESENVOLV IND COMERCIO E SERVICOS,,51,2025-12
RS,57202,INSTITUTO NACIONAL DO SEGURO SOCIAL,33100,MINISTERIO DA PREVIDENCIA SOCIAL,INSS,1097,2025-12
RS,40100,MIN DA INTEG E DO DESENV REGIONAL,-1,SEM INFORMACAO,,2,2025-12
RS,13100,MIN DO DESENV AGR E AGRIC FAMILIAR,-1,SEM INFORMACAO,,3,2025-12
RS,17500,MIN GESTAO E INOV EM SERV PUBLICOS,-1,SEM INFORMACAO,,47,2025-12
RS,13300,MINISTERIO DA AGRICULTURA E PECUARIA,-1,SEM INFORMACAO,,333,2025-12
RS,17600,MINISTERIO DA FAZENDA,-1,SEM INFORMACAO,FAZ,1362,2025-12
RS,33100,MINISTERIO DA PREVIDENCIA SOCIAL,-1,SEM INFORMACAO,,272,2025-12
RS,25000,MINISTERIO DA SAUDE,-1,SEM INFORMACAO,,66,2025-12
RS,35000,MINISTERIO DAS RELACOES EXTERIORES,-1,SEM INFORMACAO,,3,2025-12
RS,33200,MINISTERIO DO TRABALHO E EMPREGO,-1,SEM INFORMACAO,,224,2025-12
RS,20101,PRESIDENCIA DA REPUBLICA,-1,SEM INFORMACAO,,1,2025-12
RS,33206,SUPERINTENDENCIA NACIONAL DE PREVIDENCIA COMPLEMENTAR,33100,MINISTERIO DA PREVIDENCIA SOCIAL,,7,2025-12
RS,26440,UNIVERSIDADE FEDERAL DA FRONTEIRA SUL,15000,MINISTERIO DA EDUCACAO,UNIV,457,2025-12
RS,26284,UNIVERSIDADE FEDERAL DE CIENCIAS DA SAUDE DE PORTO ALEGRE,15000,MINISTERIO DA EDUCACAO,UNIV,593,2025-12
RS,26247,UNIVERSIDADE FEDERAL DE SANTA MARIA - RS,15000,MINISTERIO DA EDUCACAO,UNIV,3900,2025-12
RS,26273,UNIVERSIDADE FEDERAL DO RIO GRANDE - RS,15000,MINISTERIO DA EDUCACAO,UNIV,1857,2025-12
RS,26244,UNIVERSIDADE FEDERAL DO RIO GRANDE DO SUL,15000,MINISTERIO DA EDUCACAO,UNIV,5216,2025-12
SC,40116,ADVOCACIA-GERAL DA UNIAO,-1,SEM INFORMACAO,,274,2025-12
SC,32396,AGENCIA NACIONAL DE MINERACAO,32000,MINISTERIO DE MINAS E ENERGIA,,26,2025-12
SC,41231,AGENCIA NACIONAL DE TELECOMUNICACOES,40108,"MINISTERIO DA CIENCIA, TECNOLOGIA, INOVACOES E COMUNICACOES",,15,2025-12
SC,39251,AGENCIA NACIONAL DE TRANSPORTES AQUAVIARIOS,49100,MINISTERIO DE PORTOS E AEROPORTOS,,10,2025-12
SC,39250,AGENCIA NACIONAL DE TRANSPORTES TERRESTRES,49200,MINISTERIO DOS TRANSPORTES,,23,2025-12
SC,36207,AGENCIA NACIONAL DE VIGILANCIA SANITARIA,25000,MINISTERIO DA SAUDE,,20,2025-12
SC,21000,COMANDO DA AERONAUTICA,40115,MINISTERIO DA DEFESA,,1,2025-12
SC,70000,COMANDO DA MARINHA,40115,MINISTERIO DA DEFESA,,14,2025-12
SC,16000,COMANDO DO EXERCITO,40115,MINISTERIO DA DEFESA,,67,2025-12
SC,59000,CONTROLADORIA-GERAL DA UNIAO,-1,SEM INFORMACAO,,29,2025-12
SC,37000,DEFENSORIA PUBLICA DA UNIAO,-1,SEM INFORMACAO,,10,2025-12
SC,39252,DEPARTAMENTO NACIONAL DE INFRAESTRUTURA DE TRANSPORTES,49200,MINISTERIO DOS TRANSPORTES,,91,2025-12
SC,26443,EMPRESA BRASILEIRA DE SERVICOS HOSPITALARES,15000,MINISTERIO DA EDUCACAO,,21,2025-12
SC,24205,FUNDACAO BIBLIOTECA NACIONAL,54100,MINISTERIO DA CULTURA,,2,2025-12
SC,45205,FUNDACAO INSTITUTO BRASILEIRO DE GEOGRAFIA E ESTATISTICA,17300,MINISTERIO DO PLANEJAMENTO E ORCAMENTO,IBGE,122,2025-12
SC,57201,"FUNDACAO JORGE DUPRAT FIGUEIREDO, DE SEGURANCA E MEDICINA DO TRABALHO",33200,MINISTERIO DO TRABALHO E EMPREGO,,12,2025-12
SC,36205,FUNDACAO NACIONAL DE SAUDE,25000,MINISTERIO DA SAUDE,,10,2025-12
SC,30202,FUNDACAO NACIONAL DO INDIO,17200,MINISTERIO DOS POVOS INDIGENAS,,22,2025-12
SC,26285,FUNDACAO UNIVERSIDADE FEDERAL DE SAO JOAO DEL-REI,15000,MINISTERIO DA EDUCACAO,UNIV,1,2025-12
SC,96220,GOVERNO DO ESTADO DE SANTA CATARINA,-1,SEM INFORMACAO,,16,2025-12
SC,42207,INSTITUTO BRASILEIRO DE MUSEUS,54100,MINISTERIO DA CULTURA,,9,2025-12
SC,40701,INSTITUTO BRASILEIRO DO MEIO AMBIENTE E RECURSOS NATURAIS RENOVAVEIS,40211,MINISTERIO DO MEIO AMBIENTE,,82,2025-12
SC,44207,INSTITUTO CHICO MENDES DE CONSERVACAO DA BIODIVERSIDADE,40211,MINISTERIO DO MEIO AMBIENTE,,88,2025-12
SC,24204,INSTITUTO DO PATRIMONIO HISTORICO E ARTISTICO NACIONAL,54100,MINISTERIO DA CULTURA,,28,2025-12
SC,26404,INSTITUTO FEDERAL BAIANO,15000,MINISTERIO DA EDUCACAO,,1,2025-12
SC,26422,INSTITUTO FEDERAL CATARINENSE,15000,MINISTERIO DA EDUCACAO,,1725,2025-12
SC,26438,INSTITUTO FEDERAL DE SANTA CATARINA,15000,MINISTERIO DA EDUCACAO,IF,2658,2025-12
SC,26423,INSTITUTO FEDERAL DE SERGIPE,15000,MINISTERIO DA EDUCACAO,IF,1,2025-12
SC,26413,INSTITUTO FEDERAL DO TRIANGULO MINEIRO,15000,MINISTERIO DA EDUCACAO,IF,1,2025-12
SC,30204,INSTITUTO NACIONAL DA PROPRIEDADE INDUSTRIAL,17400,MIN DESENVOLV IND COMERCIO E SERVICOS,,3,2025-12
SC,42201,INSTITUTO NACIONAL DE COLONIZACAO E REFORMA AGRARIA,13100,MIN DO DESENV AGR E AGRIC FAMILIAR,,66,2025-12
SC,57202,INSTITUTO NACIONAL DO SEGURO SOCIAL,33100,MINISTERIO DA PREVIDENCIA SOCIAL,INSS,970,2025-12
SC,13100,MIN DO DESENV AGR E AGRIC FAMILIAR,-1,SEM INFORMACAO,,6,2025-12
SC,17500,MIN GESTAO E INOV EM SERV PUBLICOS,-1,SEM INFORMACAO,,84,2025-12
SC,13300,MINISTERIO DA AGRICULTURA E PECUARIA,-1,SEM INFORMACAO,,269,2025-12
SC,17600,MINISTERIO DA FAZENDA,-1,SEM INFORMACAO,FAZ,604,2025-12
SC,13200,MINISTERIO DA PESCA E AQUICULTURA,-1,SEM INFORMACAO,,3,2025-12
SC,33100,MINISTERIO DA PREVIDENCIA SOCIAL,-1,SEM INFORMACAO,,189,2025-12
SC,25000,MINISTERIO DA SAUDE,-1,SEM INFORMACAO,,102,2025-12
SC,33200,MINISTERIO DO TRABALHO E EMPREGO,-1,SEM INFORMACAO,,159,2025-12
SC,26440,UNIVERSIDADE FEDERAL DA FRONTEIRA SUL,15000,MINISTERIO DA EDUCACAO,UNIV,517,2025-12
SC,26246,UNIVERSIDADE FEDERAL DE SANTA CATARINA,15000,MINISTERIO DA EDUCACAO,UNIV,5316,2025-12
SC,26280,UNIVERSIDADE FEDERAL DE SAO CARLOS - SP,15000,MINISTERIO DA EDUCACAO,UNIV,1,2025-12
SC,26241,UNIVERSIDADE FEDERAL DO PARANA,15000,MINISTERIO DA EDUCACAO,UNIV,1,2025-12
SE,40116,ADVOCACIA-GERAL DA UNIAO,-1,SEM INFORMACAO,,87,2025-12
SE,32396,AGENCIA NACIONAL DE MINERACAO,32000,MINISTERIO DE MINAS E ENERGIA,,2,2025-12
SE,41231,AGENCIA NACIONAL DE TELECOMUNICACOES,40108,"MINISTERIO DA CIENCIA, TECNOLOGIA, INOVACOES E COMUNICACOES",,14,2025-12
SE,39250,AGENCIA NACIONAL DE TRANSPORTES TERRESTRES,49200,MINISTERIO DOS TRANSPORTES,,3,2025-12
SE,36207,AGENCIA NACIONAL DE VIGILANCIA SANITARIA,25000,MINISTERIO DA SAUDE,,6,2025-12
SE,26201,COLEGIO PEDRO II,15000,MINISTERIO DA EDUCACAO,IF,1,2025-12
SE,21000,COMANDO DA AERONAUTICA,40115,MINISTERIO DA DEFESA,,1,2025-12
SE,16000,COMANDO DO EXERCITO,40115,MINISTERIO DA DEFESA,,7,2025-12
SE,59000,CONTROLADORIA-GERAL DA UNIAO,-1,SEM INFORMACAO,,26,2025-12
SE,37000,DEFENSORIA PUBLICA DA UNIAO,-1,SEM INFORMACAO,,11,2025-12
SE,39252,DEPARTAMENTO NACIONAL DE INFRAESTRUTURA DE TRANSPORTES,49200,MINISTERIO DOS TRANSPORTES,,43,2025-12
SE,42204,DEPARTAMENTO NACIONAL DE OBRAS CONTRA AS SECAS,40100,MIN DA INTEG E DO DESENV REGIONAL,,7,2025-12
SE,26443,EMPRESA BRASILEIRA DE SERVICOS HOSPITALARES,15000,MINISTERIO DA EDUCACAO,,2,2025-12
SE,45205,FUNDACAO INSTITUTO BRASILEIRO DE GEOGRAFIA E ESTATISTICA,17300,MINISTERIO DO PLANEJAMENTO E ORCAMENTO,IBGE,42,2025-12
SE,36205,FUNDACAO NACIONAL DE SAUDE,25000,MINISTERIO DA SAUDE,,19,2025-12
SE,30202,FUNDACAO NACIONAL DO INDIO,17200,MINISTERIO DOS POVOS INDIGENAS,,1,2025-12
SE,26281,FUNDACAO UNIVERSIDADE FEDERAL DE SERGIPE,15000,MINISTERIO DA EDUCACAO,UNIV,2945,2025-12
SE,94820,GOVERNO DO ESTADO DE SERGIPE,-1,SEM INFORMACAO,,14,2025-12
SE,40701,INSTITUTO BRASILEIRO DO MEIO AMBIENTE E RECURSOS NATURAIS RENOVAVEIS,40211,MINISTERIO DO MEIO AMBIENTE,,32,2025-12
SE,44207,INSTITUTO CHICO MENDES DE CONSERVACAO DA BIODIVERSIDADE,40211,MINISTERIO DO MEIO AMBIENTE,,7,2025-12
SE,24204,INSTITUTO DO PATRIMONIO HISTORICO E ARTISTICO NACIONAL,54100,MINISTERIO DA CULTURA,,10,2025-12
SE,26423,INSTITUTO FEDERAL DE SERGIPE,15000,MINISTERIO DA EDUCACAO,IF,1338,2025-12
SE,42201,INSTITUTO NACIONAL DE COLONIZACAO E REFORMA AGRARIA,13100,MIN DO DESENV AGR E AGRIC FAMILIAR,,53,2025-12
SE,57202,INSTITUTO NACIONAL DO SEGURO SOCIAL,33100,MINISTERIO DA PREVIDENCIA SOCIAL,INSS,178,2025-12
SE,12001,JUSTICA FEDERAL - SECAO JUDICIARIA DE SERGIPE,-1,SEM INFORMACAO,,1,2025-12
SE,55100,MIN DESENV ASSIS SOCI FAMIL COMBATE FOME,-1,SEM INFORMACAO,,3,2025-12
SE,13100,MIN DO DESENV AGR E AGRIC FAMILIAR,-1,SEM INFORMACAO,,1,2025-12
SE,81100,MIN DOS DIR HUM E DA CIDADANIA,-1,SEM INFORMACAO,,1,2025-12
SE,17500,MIN GESTAO E INOV EM SERV PUBLICOS,-1,SEM INFORMACAO,,32,2025-12
SE,13300,MINISTERIO DA AGRICULTURA E PECUARIA,-1,SEM INFORMACAO,,23,2025-12
SE,15000,MINISTERIO DA EDUCACAO,-1,SEM INFORMACAO,,3,2025-12
SE,17600,MINISTERIO DA FAZENDA,-1,SEM INFORMACAO,FAZ,116,2025-12
SE,13200,MINISTERIO DA PESCA E AQUICULTURA,-1,SEM INFORMACAO,,2,2025-12
SE,33100,MINISTERIO DA PREVIDENCIA SOCIAL,-1,SEM INFORMACAO,,9,2025-12
SE,25000,MINISTERIO DA SAUDE,-1,SEM INFORMACAO,,35,2025-12
SE,40200,MINISTERIO DAS CIDADES,-1,SEM INFORMACAO,,2,2025-12
SE,33200,MINISTERIO DO TRABALHO E EMPREGO,-1,SEM INFORMACAO,,55,2025-12
SE,54000,MINISTERIO DO TURISMO,-1,SEM INFORMACAO,,1,2025-12
SE,99036,PREFEITURA MUNICIPAL DE ARACAJU - SE,-1,SEM INFORMACAO,,2,2025-12
SE,26260,UNIVERSIDADE FEDERAL DE ALFENAS - MG,15000,MINISTERIO DA EDUCACAO,UNIV,1,2025-12
SE,26263,UNIVERSIDADE FEDERAL DE LAVRAS - MG,15000,MINISTERIO DA EDUCACAO,UNIV,1,2025-12
SE,26454,UNIVERSIDADE FEDERAL DE RONDONOPOLIS,15000,MINISTERIO DA EDUCACAO,UNIV,1,2025-12
SE,26280,UNIVERSIDADE FEDERAL DE SAO CARLOS - SP,15000,MINISTERIO DA EDUCACAO,UNIV,1,2025-12
SP,40116,ADVOCACIA-GERAL DA UNIAO,-1,SEM INFORMACAO,,914,2025-12
SP,21300,AGENCIA ESPACIAL BRASILEIRA,40108,"MINISTERIO DA CIENCIA, TECNOLOGIA, INOVACOES E COMUNICACOES",,4,2025-12
SP,52201,AGENCIA NACIONAL DE AVIACAO CIVIL,49100,MINISTERIO DE PORTOS E AEROPORTOS,,228,2025-12
SP,32396,AGENCIA NACIONAL DE MINERACAO,32000,MINISTERIO DE MINAS E ENERGIA,,15,2025-12
SP,36208,AGENCIA NACIONAL DE SAUDE SUPLEMENTAR,25000,MINISTERIO DA SAUDE,,36,2025-12
SP,41231,AGENCIA NACIONAL DE TELECOMUNICACOES,40108,"MINISTERIO DA CIENCIA, TECNOLOGIA, INOVACOES E COMUNICACOES",,103,2025-12
SP,39251,AGENCIA NACIONAL DE TRANSPORTES AQUAVIARIOS,49100,MINISTERIO DE PORTOS E AEROPORTOS,,12,2025-12
SP,39250,AGENCIA NACIONAL DE TRANSPORTES TERRESTRES,49200,MINISTERIO DOS TRANSPORTES,,40,2025-12
SP,36207,AGENCIA NACIONAL DE VIGILANCIA SANITARIA,25000,MINISTERIO DA SAUDE,,57,2025-12
SP,20224,AGENCIA NACIONAL DO CINEMA,54100,MINISTERIO DA CULTURA,,3,2025-12
SP,32300,"AGENCIA NACIONAL DO PETROLEO, GAS NATURAL E BIOCOMBUSTIVEIS",32000,MINISTERIO DE MINAS E ENERGIA,,27,2025-12
SP,26201,COLEGIO PEDRO II,15000,MINISTERIO DA EDUCACAO,IF,1,2025-12
SP,21000,COMANDO DA AERONAUTICA,40115,MINISTERIO DA DEFESA,,1198,2025-12
SP,70000,COMANDO DA MARINHA,40115,MINISTERIO DA DEFESA,,40,2025-12
SP,16000,COMANDO DO EXERCITO,40115,MINISTERIO DA DEFESA,,63,2025-12
SP,45203,COMISSAO DE VALORES MOBILIARIOS,17600,MINISTERIO DA FAZENDA,FAZ,1,2025-12
SP,40301,COMISSAO NACIONAL DE ENERGIA NUCLEAR,40108,"MINISTERIO DA CIENCIA, TECNOLOGIA, INOVACOES E COMUNICACOES",,439,2025-12
SP,99058,COMPANHIA DOCAS DO ESTADO DE SAO PAULO,49000,MINISTERIO DA INFRAESTRUTURA,,1,2025-12
SP,59000,CONTROLADORIA-GERAL DA UNIAO,-1,SEM INFORMACAO,,40,2025-12
SP,37000,DEFENSORIA PUBLICA DA UNIAO,-1,SEM INFORMACAO,,8,2025-12
SP,39252,DEPARTAMENTO NACIONAL DE INFRAESTRUTURA DE TRANSPORTES,49200,MINISTERIO DOS TRANSPORTES,,49,2025-12
SP,26443,EMPRESA BRASILEIRA DE SERVICOS HOSPITALARES,15000,MINISTERIO DA EDUCACAO,,8,2025-12
SP,24205,FUNDACAO BIBLIOTECA NACIONAL,54100,MINISTERIO DA CULTURA,,1,2025-12
SP,40403,FUNDACAO CASA DE RUI BARBOSA,54100,MINISTERIO DA CULTURA,,14,2025-12
SP,40408,FUNDACAO CULTURAL PALMARES,54100,MINISTERIO DA CULTURA,,1,2025-12
SP,45205,FUNDACAO INSTITUTO BRASILEIRO DE GEOGRAFIA E ESTATISTICA,17300,MINISTERIO DO PLANEJAMENTO E ORCAMENTO,IBGE,295,2025-12
SP,57201,"FUNDACAO JORGE DUPRAT FIGUEIREDO, DE SEGURANCA E MEDICINA DO TRABALHO",33200,MINISTERIO DO TRABALHO E EMPREGO,,68,2025-12
SP,24203,FUNDACAO NACIONAL DE ARTES,54100,MINISTERIO DA CULTURA,,7,2025-12
SP,36205,FUNDACAO NACIONAL DE SAUDE,25000,MINISTERIO DA SAUDE,,18,2025-12
SP,30202,FUNDACAO NACIONAL DO INDIO,17200,MINISTERIO DOS POVOS INDIGENAS,,24,2025-12
SP,36201,FUNDACAO OSWALDO CRUZ,25000,MINISTERIO DA SAUDE,,8,2025-12
SP,26271,FUNDACAO UNIVERSIDADE DE BRASILIA,15000,MINISTERIO DA EDUCACAO,UNIV,3,2025-12
SP,26350,FUNDACAO UNIVERSIDADE FEDERAL DA GRANDE DOURADOS,15000,MINISTERIO DA EDUCACAO,UNIV,1,2025-12
SP,26277,FUNDACAO UNIVERSIDADE FEDERAL DE OURO PRETO,15000,MINISTERIO DA EDUCACAO,UNIV,3,2025-12
SP,26285,FUNDACAO UNIVERSIDADE FEDERAL DE SAO JOAO DEL-REI,15000,MINISTERIO DA EDUCACAO,UNIV,1,2025-12
SP,26352,FUNDACAO UNIVERSIDADE FEDERAL DO ABC,15000,MINISTERIO DA EDUCACAO,UNIV,1301,2025-12
SP,26274,FUNDACAO UNIVERSIDADE FEDERAL UBERLANDIA,15000,MINISTERIO DA EDUCACAO,UNIV,14,2025-12
SP,95420,GOVERNO DO ESTADO DE SAO PAULO,-1,SEM INFORMACAO,,39,2025-12
SP,42207,INSTITUTO BRASILEIRO DE MUSEUS,54100,MINISTERIO DA CULTURA,,7,2025-12
SP,40701,INSTITUTO BRASILEIRO DO MEIO AMBIENTE E RECURSOS NATURAIS RENOVAVEIS,40211,MINISTERIO DO MEIO AMBIENTE,,120,2025-12
SP,44207,INSTITUTO CHICO MENDES DE CONSERVACAO DA BIODIVERSIDADE,40211,MINISTERIO DO MEIO AMBIENTE,,114,2025-12
SP,24204,INSTITUTO DO PATRIMONIO HISTORICO E ARTISTICO NACIONAL,54100,MINISTERIO DA CULTURA,,41,2025-12
SP,26428,INSTITUTO FEDERAL DE BRASILIA,15000,MINISTERIO DA EDUCACAO,IF,4,2025-12
SP,26439,INSTITUTO FEDERAL DE SAO PAULO,15000,MINISTERIO DA EDUCACAO,IF,4563,2025-12
SP,26430,INSTITUTO FEDERAL DO SERTAO PERNAMBUCANO,15000,MINISTERIO DA EDUCACAO,IF,1,2025-12
SP,26413,INSTITUTO FEDERAL DO TRIANGULO MINEIRO,15000,MINISTERIO DA EDUCACAO,IF,3,2025-12
SP,26434,INSTITUTO FEDERAL FLUMINENSE,15000,MINISTERIO DA EDUCACAO,,6,2025-12
SP,26407,INSTITUTO FEDERAL GOIANO,15000,MINISTERIO DA EDUCACAO,,1,2025-12
SP,26436,INSTITUTO FEDERAL SUL-RIO-GRANDENSE,15000,MINISTERIO DA EDUCACAO,,2,2025-12
SP,30204,INSTITUTO NACIONAL DA PROPRIEDADE INDUSTRIAL,17400,MIN DESENVOLV IND COMERCIO E SERVICOS,,15,2025-12
SP,42201,INSTITUTO NACIONAL DE COLONIZACAO E REFORMA AGRARIA,13100,MIN DO DESENV AGR E AGRIC FAMILIAR,,84,2025-12
SP,30203,"INSTITUTO NACIONAL DE METROLOGIA, QUALIDADE E TECNOLOGIA",17400,MIN DESENVOLV IND COMERCIO E SERVICOS,,1,2025-12
SP,57202,INSTITUTO NACIONAL DO SEGURO SOCIAL,33100,MINISTERIO DA PREVIDENCIA SOCIAL,INSS,3260,2025-12
SP,13100,MIN DO DESENV AGR E AGRIC FAMILIAR,-1,SEM INFORMACAO,,6,2025-12
SP,17500,MIN GESTAO E INOV EM SERV PUBLICOS,-1,SEM INFORMACAO,,140,2025-12
SP,13300,MINISTERIO DA AGRICULTURA E PECUARIA,-1,SEM INFORMACAO,,481,2025-12
SP,40108,"MINISTERIO DA CIENCIA, TECNOLOGIA, INOVACOES E COMUNICACOES",-1,SEM INFORMACAO,,881,2025-12
SP,15000,MINISTERIO DA EDUCACAO,-1,SEM INFORMACAO,,1,2025-12
SP,17600,MINISTERIO DA FAZENDA,-1,SEM INFORMACAO,FAZ,4114,2025-12
SP,20000,MINISTERIO DA JUSTICA E SEGURANCA PUBLICA,-1,SEM INFORMACAO,,25,2025-12
SP,13200,MINISTERIO DA PESCA E AQUICULTURA,-1,SEM INFORMACAO,,1,2025-12
SP,33100,MINISTERIO DA PREVIDENCIA SOCIAL,-1,SEM INFORMACAO,,708,2025-12
SP,25000,MINISTERIO DA SAUDE,-1,SEM INFORMACAO,,158,2025-12
SP,35000,MINISTERIO DAS RELACOES EXTERIORES,-1,SEM INFORMACAO,,5,2025-12
SP,33200,MINISTERIO DO TRABALHO E EMPREGO,-1,SEM INFORMACAO,,756,2025-12
SP,99131,PREFEITURA DE SAO PAULO/SP,-1,SEM INFORMACAO,,2,2025-12
SP,40603,SUPERINTENDENCIA DA ZONA FRANCA DE MANAUS,17400,MIN DESENVOLV IND COMERCIO E SERVICOS,,56,2025-12
SP,45208,SUPERINTENDENCIA DE SEGUROS PRIVADOS,17600,MINISTERIO DA FAZENDA,FAZ,23,2025-12
SP,33206,SUPERINTENDENCIA NACIONAL DE PREVIDENCIA COMPLEMENTAR,33100,MINISTERIO DA PREVIDENCIA SOCIAL,,12,2025-12
SP,26455,UNIV. FEDERAL DO DELTA DO PARNAIBA,15000,MINISTERIO DA EDUCACAO,UNIV,3,2025-12
SP,26442,UNIVERSIDADE DA INTEGRACAO INTERNACIONAL DA LUSOFONIA AFRO-BRASILEIRA,15000,MINISTERIO DA EDUCACAO,UNIV,1,2025-12
SP,26267,UNIVERSIDADE FEDERAL DA INTEGRACAO LATINO-AMERICANA,15000,MINISTERIO DA EDUCACAO,UNIV,90,2025-12
SP,26260,UNIVERSIDADE FEDERAL DE ALFENAS - MG,15000,MINISTERIO DA EDUCACAO,UNIV,1,2025-12
SP,26452,UNIVERSIDADE FEDERAL DE CATALAO,15000,MINISTERIO DA EDUCACAO,UNIV,2,2025-12
SP,26284,UNIVERSIDADE FEDERAL DE CIENCIAS DA SAUDE DE PORTO ALEGRE,15000,MINISTERIO DA EDUCACAO,UNIV,1,2025-12
SP,26453,UNIVERSIDADE FEDERAL DE JATAI,15000,MINISTERIO DA EDUCACAO,UNIV,1,2025-12
SP,26263,UNIVERSIDADE FEDERAL DE LAVRAS - MG,15000,MINISTERIO DA EDUCACAO,UNIV,1,2025-12
SP,26454,UNIVERSIDADE FEDERAL DE RONDONOPOLIS,15000,MINISTERIO DA EDUCACAO,UNIV,2,2025-12
SP,26247,UNIVERSIDADE FEDERAL DE SANTA MARIA - RS,15000,MINISTERIO DA EDUCACAO,UNIV,1,2025-12
SP,26280,UNIVERSIDADE FEDERAL DE SAO CARLOS - SP,15000,MINISTERIO DA EDUCACAO,UNIV,1973,2025-12
SP,26262,UNIVERSIDADE FEDERAL DE SAO PAULO,15000,MINISTERIO DA EDUCACAO,UNIV,5023,2025-12
SP,26282,UNIVERSIDADE FEDERAL DE VICOSA - MG,15000,MINISTERIO DA EDUCACAO,UNIV,5,2025-12
SP,26244,UNIVERSIDADE FEDERAL DO RIO GRANDE DO SUL,15000,MINISTERIO DA EDUCACAO,UNIV,1,2025-12
SP,26254,UNIVERSIDADE FEDERAL DO TRIANGULO MINEIRO,15000,MINISTERIO DA EDUCACAO,UNIV,2,2025-12
SP,26230,UNIVERSIDADE FEDERAL DO VALE DO SAO FRANCISCO,15000,MINISTERIO DA EDUCACAO,UNIV,2,2025-12
SP,26236,UNIVERSIDADE FEDERAL FLUMINENSE - RJ,15000,MINISTERIO DA EDUCACAO,UNIV,1,2025-12
SP,26253,UNIVERSIDADE FEDERAL RURAL DA AMAZONIA,15000,MINISTERIO DA EDUCACAO,UNIV,2,2025-12
SP,26264,UNIVERSIDADE FEDERAL RURAL DO SEMI-ARIDO - RN,15000,MINISTERIO DA EDUCACAO,UNIV,1,2025-12
TO,40116,ADVOCACIA-GERAL DA UNIAO,-1,SEM INFORMACAO,,45,2025-12
TO,32396,AGENCIA NACIONAL DE MINERACAO,32000,MINISTERIO DE MINAS E ENERGIA,,3,2025-12
TO,41231,AGENCIA NACIONAL DE TELECOMUNICACOES,40108,"MINISTERIO DA CIENCIA, TECNOLOGIA, INOVACOES E COMUNICACOES",,6,2025-12
TO,39250,AGENCIA NACIONAL DE TRANSPORTES TERRESTRES,49200,MINISTERIO DOS TRANSPORTES,,2,2025-12
TO,59000,CONTROLADORIA-GERAL DA UNIAO,-1,SEM INFORMACAO,,18,2025-12
TO,37000,DEFENSORIA PUBLICA DA UNIAO,-1,SEM INFORMACAO,,5,2025-12
TO,39252,DEPARTAMENTO NACIONAL DE INFRAESTRUTURA DE TRANSPORTES,49200,MINISTERIO DOS TRANSPORTES,,47,2025-12
TO,45205,FUNDACAO INSTITUTO BRASILEIRO DE GEOGRAFIA E ESTATISTICA,17300,MINISTERIO DO PLANEJAMENTO E ORCAMENTO,IBGE,31,2025-12
TO,36205,FUNDACAO NACIONAL DE SAUDE,25000,MINISTERIO DA SAUDE,,13,2025-12
TO,30202,FUNDACAO NACIONAL DO INDIO,17200,MINISTERIO DOS POVOS INDIGENAS,,27,2025-12
TO,26251,FUNDACAO UNIVERSIDADE FEDERAL DO TOCANTINS,15000,MINISTERIO DA EDUCACAO,UNIV,1438,2025-12
TO,40701,INSTITUTO BRASILEIRO DO MEIO AMBIENTE E RECURSOS NATURAIS RENOVAVEIS,40211,MINISTERIO DO MEIO AMBIENTE,,66,2025-12
TO,44207,INSTITUTO CHICO MENDES DE CONSERVACAO DA BIODIVERSIDADE,40211,MINISTERIO DO MEIO AMBIENTE,,7,2025-12
TO,24204,INSTITUTO DO PATRIMONIO HISTORICO E ARTISTICO NACIONAL,54100,MINISTERIO DA CULTURA,,11,2025-12
TO,26428,INSTITUTO FEDERAL DE BRASILIA,15000,MINISTERIO DA EDUCACAO,IF,1,2025-12
TO,26424,INSTITUTO FEDERAL DO TOCANTINS,15000,MINISTERIO DA EDUCACAO,IF,1230,2025-12
TO,42201,INSTITUTO NACIONAL DE COLONIZACAO E REFORMA AGRARIA,13100,MIN DO DESENV AGR E AGRIC FAMILIAR,,77,2025-12
TO,57202,INSTITUTO NACIONAL DO SEGURO SOCIAL,33100,MINISTERIO DA PREVIDENCIA SOCIAL,INSS,104,2025-12
TO,13100,MIN DO DESENV AGR E AGRIC FAMILIAR,-1,SEM INFORMACAO,,1,2025-12
TO,17500,MIN GESTAO E INOV EM SERV PUBLICOS,-1,SEM INFORMACAO,,19,2025-12
TO,13300,MINISTERIO DA AGRICULTURA E PECUARIA,-1,SEM INFORMACAO,,32,2025-12
TO,17600,MINISTERIO DA FAZENDA,-1,SEM INFORMACAO,FAZ,42,2025-12
TO,25000,MINISTERIO DA SAUDE,-1,SEM INFORMACAO,,41,2025-12
TO,33200,MINISTERIO DO TRABALHO E EMPREGO,-1,SEM INFORMACAO,,40,2025-12
TO,26239,UNIVERSIDADE FEDERAL DO PARA,15000,MINISTERIO DA EDUCACAO,UNIV,2,2025-12
TO,26457,UNIVERSIDADE FEDERAL NORTE DO TOCANTINS,15000,MINISTERIO DA EDUCACAO,UNIV,528,2025-12
